Char,Frequency
年,210784
日,117508
大,103892
国,99011
本,91541
行,89603
用,86311
人,86145
一,84618
的,78261
中,75561
時,71107
月,70123
合,68128
線,65735
発,65714
上,64955
地,64424
間,63734
後,61061
学,60726
車,59028
定,58864
作,58687
分,57485
場,56063
代,55211
駅,54551
成,53302
部,52295
出,52159
方,51194
数,50555
同,49728
生,49072
化,48616
者,47422
会,46605
通,45638
多,45286
以,45272
対,44733
戦,44385
事,44192
体,43886
動,43699
現,43229
自,42446
東,42382
名,42145
子,41786
開,41655
高,41616
内,41610
語,41575
道,41040
法,40723
在,40303
機,40082
性,39857
入,39697
下,39109
前,39008
主,38329
表,37804
物,37776
業,37085
関,37015
度,36285
電,36015
市,35630
新,35173
当,35166
理,35024
世,34951
力,34845
設,34652
立,34652
使,33829
長,33517
最,33234
実,33072
文,32848
全,32740
記,32014
家,31418
運,30104
社,29973
特,29811
見,29727
手,29615
期,29233
第,29060
言,28912
式,28826
山,28619
画,28548
連,28473
要,28336
政,28011
初,27633
制,26984
形,26870
能,26796
位,26436
鉄,26376
明,26328
外,26161
目,25599
平,25464
気,25448
置,25410
民,25387
軍,25156
教,25129
田,24862
小,24843
品,24838
面,24473
原,24436
所,24321
和,24067
書,24006
呼,23977
変,23884
結,23398
北,23245
京,23228
西,22890
持,22817
意,22773
海,22686
加,22420
川,21986
公,21878
有,21844
点,21770
列,21768
利,21736
神,21676
正,21649
系,21611
区,21485
存,21397
近,21238
元,21148
回,21122
両,21117
義,21082
界,20938
次,20876
際,20870
都,20835
水,20814
経,20701
転,20685
来,20555
続,20324
音,20260
路,20215
金,20172
受,19807
取,19530
号,19510
三,19142
野,19086
空,19012
向,18963
流,18728
指,18653
基,18592
権,18569
計,18426
治,18298
相,18196
急,18154
信,18132
重,18065
島,18041
直,17822
共,17820
始,17716
解,17640
組,17529
他,17441
天,17414
不,17379
論,17359
改,17311
構,17278
産,17209
別,17207
付,17094
可,17091
南,17057
交,17049
量,17001
様,16954
進,16901
送,16835
種,16735
字,16709
約,16673
二,16514
集,16453
速,16450
造,16331
説,16326
心,16312
統,16304
例,16153
議,16130
各,16081
域,16066
称,16046
素,16028
選,15995
等,15925
県,15854
活,15805
保,15801
売,15721
員,15605
王,15520
番,15343
知,15133
型,14989
状,14979
乗,14970
放,14944
示,14938
降,14915
紀,14913
少,14850
考,14837
規,14754
無,14717
古,14659
決,14606
製,14605
常,14596
強,14404
側,14327
楽,14214
得,14200
半,14100
参,14046
問,13988
類,13948
口,13927
応,13802
広,13771
移,13765
工,13697
終,13678
格,13666
単,13602
編,13555
質,13485
由,13473
題,13358
伝,13350
反,13348
身,13269
府,13205
果,13114
台,13110
朝,13075
起,13003
勝,12893
務,12802
支,12660
安,12625
含,12579
限,12569
認,12518
女,12474
術,12336
必,12323
条,12270
州,12216
止,12211
器,12158
異,12157
配,12088
般,12046
万,12015
引,12003
武,11978
団,11974
述,11906
馬,11838
領,11812
調,11754
着,11746
建,11685
演,11654
営,11654
総,11652
話,11618
接,11579
味,11518
族,11515
料,11480
再,11436
備,11426
派,11400
報,11399
技,11358
町,11343
先,11236
換,11230
争,11210
態,11201
映,11176
光,11175
任,11145
導,11126
比,11076
増,11010
過,10990
影,10893
装,10891
版,10890
命,10859
録,10792
確,10787
判,10715
準,10662
土,10660
載,10583
独,10567
登,10559
収,10514
観,10506
研,10433
太,10410
球,10399
象,10341
色,10306
競,10207
離,10149
程,10147
究,10141
切,10123
属,10122
石,9960
係,9958
皇,9947
士,9909
曲,9862
阪,9838
込,9817
賞,9811
及,9740
周,9693
施,9685
響,9679
党,9615
与,9612
陸,9511
優,9511
戸,9479
価,9452
非,9343
校,9272
撃,9270
件,9266
局,9211
死,9154
星,9118
低,9113
木,9111
昭,9047
科,9027
史,9015
管,8979
算,8936
住,8920
宮,8915
食,8855
情,8829
率,8823
提,8822
更,8820
容,8775
兵,8752
達,8737
割,8723
走,8627
想,8597
米,8572
予,8545
彼,8521
資,8480
役,8438
官,8410
円,8402
展,8388
圧,8361
帝,8357
真,8288
挙,8285
完,8243
波,8182
張,8165
採,8148
標,8058
図,7988
英,7984
院,7977
頭,7972
残,7970
複,7948
屋,7935
値,7893
試,7877
積,7833
然,7812
勢,7768
客,7745
済,7739
葉,7723
門,7671
隊,7670
念,7669
細,7665
十,7664
害,7647
照,7599
継,7585
思,7538
除,7449
普,7420
帯,7418
停,7387
白,7375
風,7363
断,7362
末,7348
良,7229
旧,7186
源,7177
酸,7125
供,7106
商,7102
極,7096
歌,7093
案,7067
視,7053
整,7053
館,7033
従,7025
退,7015
個,7001
諸,6979
復,6963
育,6946
験,6927
橋,6916
協,6914
御,6902
難,6888
温,6868
求,6832
著,6817
消,6808
模,6803
境,6785
首,6771
村,6760
頃,6749
差,6749
減,6744
打,6712
攻,6690
城,6672
江,6634
感,6628
効,6582
井,6552
廃,6538
段,6530
査,6517
宗,6497
環,6474
専,6463
洋,6452
松,6441
像,6434
衛,6424
識,6396
港,6366
河,6360
親,6349
四,6342
投,6339
失,6335
店,6324
検,6322
評,6277
銀,6251
将,6243
漫,6239
省,6232
今,6219
防,6201
寺,6160
千,6138
追,6136
園,6131
足,6118
火,6115
根,6088
横,6080
端,6077
証,6076
催,6074
測,6061
満,6027
歴,6015
令,5992
男,5982
氏,5975
職,5959
輸,5932
階,5931
央,5918
処,5914
違,5902
仕,5850
読,5837
策,5830
推,5802
落,5789
美,5785
郎,5764
熱,5741
告,5716
藤,5698
越,5690
扱,5680
描,5666
宇,5644
衆,5640
敗,5623
則,5591
陽,5586
崎,5586
岡,5565
適,5553
遺,5543
津,5536
担,5531
誌,5505
密,5499
何,5495
補,5463
占,5460
写,5452
互,5433
去,5374
航,5337
座,5334
谷,5330
略,5299
辺,5284
典,5279
歳,5276
徴,5272
創,5233
渡,5228
声,5225
福,5205
企,5194
雑,5170
旅,5146
節,5127
飛,5114
刊,5104
護,5103
師,5103
母,5089
超,5067
愛,5053
返,5045
破,5044
拡,5044
幕,5037
船,5036
材,5028
席,5026
項,4970
修,4942
好,4932
貨,4923
軌,4921
費,4919
角,4914
帰,4884
因,4871
室,4863
幹,4826
仏,4826
券,4814
販,4798
囲,4794
働,4787
監,4778
了,4775
順,4767
伴,4766
短,4762
植,4760
並,4760
織,4748
層,4738
農,4721
級,4713
快,4706
負,4699
盟,4699
五,4690
深,4688
劇,4678
悪,4661
青,4649
乱,4644
易,4617
拠,4606
守,4600
助,4595
抗,4593
赤,4585
逆,4573
固,4562
注,4547
延,4529
殺,4526
司,4525
黒,4522
委,4515
裁,4486
父,4475
漢,4475
射,4475
具,4458
蔵,4457
為,4456
精,4409
伊,4402
仮,4401
左,4388
併,4383
紙,4381
革,4377
岸,4375
富,4373
病,4364
聞,4355
籍,4346
許,4332
右,4320
未,4315
郡,4284
労,4253
盛,4250
浜,4245
吉,4235
訳,4233
留,4226
介,4221
巻,4219
振,4213
核,4209
督,4208
沢,4177
徳,4170
聖,4153
至,4150
札,4141
街,4138
築,4132
途,4124
混,4122
替,4115
磁,4114
障,4108
闘,4092
興,4078
壊,4058
群,4053
宙,4023
臣,4019
奏,4018
翌,4017
藩,4004
暦,3994
似,3993
八,3984
印,3982
布,3978
給,3970
花,3959
寄,3949
夜,3936
博,3924
億,3924
医,3905
較,3904
概,3900
絶,3897
清,3894
激,3888
憲,3886
援,3849
滅,3847
幅,3844
夫,3840
毎,3836
薬,3831
習,3808
距,3784
宿,3776
望,3735
功,3733
突,3714
均,3713
私,3703
早,3695
察,3693
歩,3686
弾,3676
休,3664
佐,3658
欧,3645
鮮,3640
若,3640
芸,3638
承,3630
就,3623
池,3620
圏,3614
便,3612
盤,3611
掲,3607
律,3605
沿,3586
華,3552
散,3547
板,3545
久,3541
財,3536
額,3513
候,3511
景,3493
況,3491
筆,3489
遠,3481
被,3481
林,3471
居,3455
搭,3444
獲,3436
艦,3430
縮,3390
待,3372
頼,3349
春,3347
庁,3344
批,3342
血,3338
宣,3334
株,3329
閣,3308
湾,3306
爆,3293
尾,3289
範,3286
永,3286
秋,3278
亡,3277
刑,3264
章,3261
豊,3260
禁,3258
傾,3251
故,3241
邦,3237
塩,3234
純,3232
輪,3224
志,3198
舞,3193
覚,3189
警,3186
否,3172
九,3154
操,3151
避,3138
冷,3125
軽,3124
砲,3118
徒,3084
震,3083
液,3079
森,3053
詳,3050
険,3041
庫,3038
甲,3026
草,3022
弟,3018
岩,2999
絵,2989
泉,2984
税,2974
倉,2961
宝,2954
跡,2946
執,2931
維,2929
撮,2886
康,2884
雄,2882
友,2868
依,2868
厳,2867
携,2861
羽,2858
養,2857
胞,2848
賀,2844
療,2838
夏,2838
百,2834
塚,2805
六,2805
詞,2783
玉,2783
釈,2782
臨,2780
背,2775
倍,2767
戻,2765
脱,2755
週,2753
折,2746
抜,2743
倒,2740
既,2734
鳥,2726
秀,2722
燃,2709
敵,2705
善,2699
焼,2695
融,2690
韓,2674
契,2662
刻,2657
遊,2654
姿,2649
濃,2647
伸,2644
児,2618
服,2608
魔,2605
危,2602
奈,2595
侵,2593
宅,2582
捕,2574
婚,2573
辞,2572
講,2571
析,2567
油,2558
討,2556
枚,2553
閉,2551
昇,2534
余,2534
祭,2525
微,2523
摩,2519
簡,2512
哲,2494
荷,2480
災,2469
授,2460
弱,2454
罪,2446
崩,2446
唱,2444
勤,2439
覧,2433
副,2423
納,2422
絡,2416
底,2413
遅,2409
訪,2403
堂,2394
績,2389
暗,2388
買,2383
困,2383
摘,2378
岐,2377
巨,2376
肉,2374
祖,2372
課,2357
貴,2354
季,2348
症,2345
曜,2345
黄,2342
探,2341
誤,2338
致,2334
欠,2328
静,2326
審,2322
択,2321
駆,2307
雨,2305
掛,2300
請,2295
談,2293
揮,2290
躍,2288
到,2288
庭,2283
押,2280
繰,2278
架,2277
湖,2272
忠,2249
触,2241
献,2227
晶,2227
片,2207
唯,2200
丸,2200
誕,2196
老,2195
襲,2188
練,2174
息,2164
酒,2159
妻,2156
栄,2153
撤,2146
排,2145
迎,2144
健,2143
樹,2140
坂,2138
房,2134
魚,2123
詩,2120
吸,2107
犯,2097
敷,2079
賃,2077
隣,2073
七,2070
訴,2068
苦,2068
之,2068
陣,2066
軸,2063
浦,2063
益,2054
申,2043
沖,2034
狭,2031
械,2022
粒,2016
鉱,2015
雪,2010
答,2009
聴,1990
香,1989
踏,1987
炭,1980
締,1970
疑,1970
隔,1969
束,1969
針,1966
里,1962
冬,1962
序,1961
舎,1958
慣,1953
払,1952
免,1937
君,1936
脈,1932
譲,1926
砂,1924
削,1924
棋,1923
蒸,1920
票,1917
兄,1917
染,1910
仙,1905
誘,1901
卒,1897
損,1895
瀬,1891
惑,1890
孫,1890
遣,1886
唐,1883
衝,1881
双,1881
傷,1878
騎,1873
陰,1857
還,1853
征,1851
願,1843
露,1841
索,1832
我,1817
弁,1817
奪,1817
慮,1806
毛,1801
鎖,1800
骨,1799
縁,1798
溶,1797
抵,1794
銅,1785
礼,1783
抑,1781
貫,1775
俗,1769
却,1766
充,1766
殊,1762
齢,1760
裏,1747
購,1739
縄,1719
即,1716
窓,1711
殿,1708
壁,1707
繁,1704
耐,1703
亜,1703
阿,1702
茶,1701
飲,1699
儀,1698
緩,1693
奥,1683
喜,1682
招,1670
網,1665
慶,1646
郷,1638
干,1620
渉,1612
逃,1608
尊,1597
仲,1595
雲,1592
秒,1591
梅,1591
威,1589
幾,1588
緑,1585
稿,1585
剤,1585
符,1584
兼,1582
紹,1578
竹,1575
脳,1563
秘,1562
柔,1560
仰,1559
浅,1556
丘,1556
皮,1552
午,1542
須,1540
巡,1537
包,1534
脚,1533
裂,1530
厚,1528
怪,1517
責,1516
枠,1516
奇,1512
芝,1511
暴,1509
該,1507
夕,1504
敬,1503
廷,1493
往,1492
豆,1491
恐,1489
弦,1489
箱,1484
礎,1481
沼,1479
雷,1478
救,1470
冠,1457
隠,1449
径,1446
借,1441
没,1438
刷,1428
仁,1425
鹿,1421
虫,1420
滞,1419
抱,1419
翻,1418
駒,1413
酵,1411
霊,1410
潟,1409
希,1407
浮,1406
陥,1403
幸,1401
銃,1389
己,1389
棄,1385
緯,1384
稲,1381
封,1378
幼,1371
硬,1364
飾,1363
麻,1359
鎌,1349
乳,1345
賛,1338
丁,1337
縦,1336
竜,1335
摂,1335
翼,1329
培,1325
媒,1323
握,1320
轄,1317
牛,1312
娘,1312
桜,1311
需,1309
顕,1306
荒,1302
掘,1302
埋,1302
貿,1301
爵,1300
熊,1294
憶,1285
郊,1284
菌,1284
薄,1271
氷,1265
伏,1260
彦,1254
床,1250
奉,1248
拒,1243
龍,1242
湯,1239
債,1238
寿,1237
託,1235
隆,1232
括,1229
鉛,1225
駐,1224
頻,1224
毒,1213
羅,1210
顔,1208
眼,1207
鈴,1206
栽,1203
徐,1203
迫,1202
旗,1198
訓,1197
吹,1192
漁,1187
牧,1184
恵,1184
遂,1183
透,1174
童,1174
銭,1172
埼,1171
柄,1170
岳,1169
紛,1166
塗,1162
粉,1160
姓,1153
丹,1150
頂,1144
郵,1142
豪,1141
塁,1140
寛,1135
劣,1135
杉,1132
繋,1131
如,1131
筋,1129
遷,1127
矢,1127
浄,1121
患,1121
飯,1120
滑,1118
夷,1109
衰,1108
函,1106
僚,1106
炎,1104
謀,1098
硫,1097
貢,1096
舗,1096
昼,1096
偽,1096
随,1094
袋,1089
智,1088
拝,1087
偏,1086
署,1085
沈,1083
箇,1081
殖,1081
促,1078
柱,1077
冒,1075
幣,1072
灯,1071
綱,1062
渋,1060
募,1060
夢,1057
勧,1057
僧,1055
幌,1053
寒,1052
潜,1045
戒,1045
洲,1043
恋,1040
潮,1035
償,1034
刺,1033
祝,1032
桁,1031
鋼,1030
添,1030
玄,1025
俳,1024
句,1019
弘,1017
剣,1017
扉,1015
旨,1013
旋,1013
嫌,1007
珍,1006
塔,1000
鏡,992
獣,991
又,987
奴,981
譜,979
洗,978
才,976
徹,973
乾,971
鳴,969
誉,967
衣,963
畿,963
弥,962
膜,960
姫,960
鬼,958
墓,958
雇,956
誰,956
秩,956
詰,955
趣,950
恒,950
葬,946
彩,945
暖,940
貸,939
貧,939
鍵,937
罰,936
覆,933
磐,933
裕,932
挿,928
亀,923
笑,922
鶴,917
揚,917
緒,915
怒,915
診,912
茂,910
緊,907
悲,899
膨,898
熟,896
抽,893
斜,892
騒,890
晴,887
鎮,886
歯,885
旬,885
欲,884
寝,883
妹,882
伯,882
浴,880
犬,879
贈,874
孝,874
蓄,868
晩,868
撲,868
輝,867
迷,864
挑,864
措,863
冊,862
那,856
飼,853
痛,850
脂,844
湿,842
宋,842
杯,839
偶,839
暮,836
謝,835
捜,835
薩,829
顧,821
努,818
閏,816
堀,816
拳,814
衡,813
泳,811
捉,810
菜,808
懸,808
妙,807
卵,807
挟,806
汚,804
擁,802
掌,801
尺,801
荘,799
紅,797
届,797
孔,797
拓,792
勃,792
淡,791
覇,790
紫,789
預,788
陵,787
遇,785
噴,779
狩,778
奨,776
稼,771
粋,770
逮,769
賢,769
澤,761
偵,759
駿,758
鑑,755
腕,755
煙,755
肥,752
姉,752
崇,751
盗,750
麗,741
耳,741
柳,741
塞,739
腹,732
捨,732
貞,731
浸,731
狙,730
腐,729
阻,728
朱,728
勇,719
誇,717
臓,717
眠,716
斉,710
泊,709
墳,707
棒,704
祥,702
枝,702
婦,702
李,700
菱,699
窒,697
隷,695
也,695
輩,694
柏,693
穴,692
盾,692
后,691
剰,691
看,684
殻,684
糖,680
磨,679
湘,675
悩,670
尽,669
軟,668
旦,665
嘉,663
励,662
逸,658
耕,658
拍,657
盆,656
昧,656
訟,653
瞬,653
傍,653
峰,652
垂,652
尼,651
糸,648
汎,648
阜,645
恩,645
峡,641
擬,640
尚,639
侯,639
辛,638
珠,638
零,637
訂,637
邸,635
鋳,634
涯,634
搬,630
虚,628
踊,626
勾,626
彗,624
曹,622
刀,621
肝,617
兆,617
雅,613
誠,613
麦,612
桂,611
俊,611
喫,610
玩,609
禄,608
幡,608
髪,601
彫,600
銘,597
昔,596
狂,595
梁,595
拘,593
但,593
穀,592
屈,592
燥,591
溝,591
艇,590
斗,589
呂,589
卓,588
筑,587
矛,585
孤,583
蒲,581
暫,581
獄,579
灰,579
悟,579
遍,578
播,576
剛,576
笠,575
畑,574
曖,574
宰,574
猛,573
鯨,570
昌,567
斎,567
筒,566
遮,565
菊,563
枢,563
勅,563
栗,562
叙,562
驚,561
垣,561
寸,560
脇,559
揺,559
脅,557
堅,557
附,551
粘,551
牽,551
戯,551
逐,550
漠,550
梨,550
桃,550
洞,549
寮,549
酷,547
呈,547
禅,545
疾,542
烈,542
曽,541
羊,540
畜,540
皆,539
貯,537
揃,537
諾,536
虎,536
甘,535
彰,533
凍,533
浪,531
乏,531
儒,529
蘇,528
啓,528
貼,527
菩,527
薦,525
循,525
懐,524
堺,524
琉,523
肩,522
稀,521
幻,519
倫,519
慎,517
魂,514
蝦,514
履,513
坊,512
妨,508
勲,507
繊,506
雀,502
沸,500
舟,495
遭,494
吾,493
宜,491
黙,490
卿,490
匠,488
滝,487
弓,487
伐,487
芳,486
絞,486
栃,486
敏,486
碑,484
是,484
鼻,482
舶,482
纂,481
怖,479
邪,475
倭,475
倣,475
帳,474
芽,473
猫,473
虐,472
炉,469
慢,469
傘,468
克,467
蓮,466
讃,465
控,465
掃,465
塾,465
遡,464
隻,463
祀,463
辰,462
庄,462
錬,461
泰,461
潤,460
尋,460
宛,459
蘭,458
綴,458
把,458
峠,457
浩,456
忍,456
巣,454
陀,451
凝,449
釜,448
臭,448
践,447
呉,447
尉,446
胸,445
祈,445
秦,444
條,444
謡,443
享,443
貝,441
唆,441
庶,440
嵐,438
妥,438
祉,437
錯,436
葛,435
篇,435
疎,433
犠,433
嶋,433
閥,432
肺,432
於,430
疫,429
焦,427
閲,426
呪,426
鋭,425
迦,425
僕,424
淀,423
魅,422
殆,422
癌,420
漏,420
茨,419
紋,418
披,418
跨,417
誓,416
牲,416
穂,415
軒,414
斐,412
忘,411
偉,410
猟,406
洪,404
勉,404
糧,403
巧,402
冥,402
蛍,401
据,400
猪,398
丈,398
僅,397
椎,396
歓,395
彙,393
隅,392
釣,392
乙,392
擦,391
柴,389
暑,389
壇,388
喪,388
堤,387
綿,386
旭,386
弧,385
准,385
侍,385
賊,383
洛,383
蜂,380
魏,377
尻,376
穫,375
壌,375
稚,373
妊,373
朗,372
勘,372
鴨,371
腰,371
遼,368
妖,368
匹,368
腸,366
綾,366
烏,365
虜,364
沙,364
陳,363
赴,362
賭,362
穏,361
泥,360
桑,359
國,356
騰,355
帥,355
冪,355
敦,354
尿,353
郭,351
累,349
韻,347
篠,346
宏,346
醸,345
賜,345
胆,345
謎,344
雰,339
跳,339
滋,339
淵,339
蓋,338
蒙,338
輌,336
肢,336
棟,336
廻,336
厩,336
疲,335
髄,334
輔,334
忌,332
召,331
娯,330
泡,329
菓,326
縛,326
柵,326
枕,326
傑,326
胡,325
晋,325
昆,325
叩,325
乃,325
墜,323
蛇,322
劉,321
麓,320
籠,320
錐,319
班,319
鷹,318
腫,318
耗,318
惨,318
吐,318
窮,317
妃,317
睡,316
飽,315
煮,315
牡,314
磯,312
駄,311
慈,311
廉,311
咲,311
陶,308
諭,308
椅,308
硝,307
潔,307
凱,307
斬,305
缶,304
壮,304
噂,304
扇,303
蹴,302
填,301
苗,300
朽,299
墨,297
琶,297
琵,297
堆,297
菅,296
肪,296
粛,296
賠,295
謙,294
嘆,294
砕,293
剥,293
錦,292
肖,292
奮,292
叔,292
亭,291
辻,290
淳,290
萩,287
脆,286
猿,286
刃,286
鳩,285
簿,285
樺,285
嶽,285
綻,283
畳,283
楕,283
塊,283
拾,282
闇,281
骸,280
梶,279
媛,279
隙,276
棚,275
倶,274
租,273
叡,273
翔,272
栖,272
卑,272
嫡,271
澄,270
藝,269
粗,269
汁,269
瓶,268
涼,268
囚,268
欄,267
暇,266
胴,264
孟,264
哺,264
歪,263
挫,263
餌,262
肯,262
懲,262
寧,262
侶,261
貌,259
痕,258
漬,258
敢,258
俵,258
槻,257
伽,255
霞,254
詣,253
舌,253
諦,252
笛,252
鼓,251
朴,251
詠,249
慰,249
吏,249
吊,249
鞍,248
枯,247
潰,246
慌,246
鍛,245
叫,245
酢,244
酔,244
伎,244
頒,243
帽,243
凡,243
嶺,242
汽,241
醍,240
抄,240
醐,239
賄,239
芥,238
祐,237
牝,237
俺,237
莫,236
弊,234
匁,234
霧,233
漂,233
渦,233
諏,232
庵,232
岬,232
酬,231
煩,231
遥,230
脊,230
涙,230
橿,230
捧,230
膚,229
竣,229
坦,229
凶,229
茎,228
碁,228
裸,227
濁,227
鶏,226
濯,225
嫁,225
詔,224
頓,223
屯,223
喩,223
辿,222
樽,222
黎,221
飢,221
謳,220
鍋,219
筐,219
盲,219
疆,219
瑞,219
匿,219
朔,218
姻,218
傭,217
鳳,216
胃,216
睦,216
頁,215
窟,215
畠,215
汲,214
鐘,213
諮,213
篤,211
甚,211
幽,211
佳,211
炊,210
芦,209
瓦,209
渓,209
槍,209
胎,208
焉,208
濫,208
峨,208
萌,207
粟,207
鰭,206
慧,206
悼,206
頑,205
遽,204
泣,204
戚,204
應,204
嵯,204
芯,203
恭,203
雌,202
而,202
閑,201
豚,201
棲,201
忙,201
嗣,201
灘,200
稽,199
灌,199
宴,199
袖,198
藻,197
礁,197
溜,196
坑,196
皿,195
疇,195
汰,195
昨,195
窪,194
苑,193
琴,193
泌,193
槽,193
曾,193
榎,192
塵,192
剖,192
撰,191
砦,190
眺,190
斯,190
憂,190
唄,190
隈,189
愚,189
婆,189
迅,188
腺,188
楠,188
賑,187
絹,187
癒,187
桐,187
戊,187
悔,187
湊,186
汗,186
廟,186
凌,186
麹,185
耶,185
或,185
卦,185
馴,184
瘍,184
攘,184
憧,184
蔽,183
粧,183
蔑,182
蒋,182
橘,182
冗,182
靖,181
臼,181
醤,180
辱,180
稜,180
曇,180
哉,180
肌,179
惧,179
桶,178
斥,178
諱,177
碓,176
狼,176
扶,176
鐵,175
牙,175
戴,175
揶,174
揄,174
拉,174
嶼,174
娠,174
喚,174
荻,173
懇,173
尖,173
俸,173
滴,172
裔,171
凸,171
餓,170
巳,170
蛋,169
膝,169
聘,169
瞭,169
寇,169
坪,169
亮,169
麺,168
逗,168
輛,168
猶,168
亘,168
汐,167
曝,165
挨,165
拶,165
靴,164
迂,164
湧,164
揆,163
箕,162
榜,162
云,162
隋,161
蛮,161
搾,161
哀,161
畔,160
鞭,159
逝,159
漸,159
藍,158
晦,158
渕,157
鷲,156
笹,156
唇,156
鵬,155
顎,155
趙,155
舵,155
庇,155
槃,154
騨,153
捻,153
憎,153
萬,152
爾,152
渇,152
恥,152
奔,152
涅,151
恨,151
匈,151
鈍,150
纏,150
腎,149
紳,149
欺,149
峙,149
款,148
梱,148
廊,148
升,148
俣,148
赦,147
喧,147
伺,147
貰,146
褐,146
梵,146
寅,146
燕,145
曳,145
憤,145
惜,145
寡,145
寂,145
婿,145
糾,144
曰,144
茅,143
箏,143
抹,143
嬢,143
鉢,142
帆,142
賦,141
篆,141
溢,141
譚,139
甥,139
桓,139
嗜,139
其,139
做,139
螺,138
牟,138
机,138
褒,137
牢,137
刈,137
鸞,136
壬,136
哨,136
凹,136
腔,135
緻,135
崖,135
詐,134
暁,134
錠,133
狗,133
杜,133
惹,133
窺,131
嚢,131
璧,130
殷,130
楚,130
壕,130
毅,129
榴,129
堡,129
鵜,128
醒,128
獅,128
漑,128
晃,128
擢,128
慕,128
圭,128
吟,128
瑠,127
按,127
惟,127
蹄,126
讐,126
縫,126
峻,126
殴,125
巴,125
袁,124
祷,124
儡,124
傀,124
饉,123
鄭,123
遵,123
楊,123
掴,123
悠,123
庚,123
卸,123
勒,123
蜜,122
罹,122
紡,122
紐,122
眞,122
帖,122
魯,121
薫,121
舜,121
癖,121
疏,121
楼,121
怠,121
壱,121
乞,121
祇,120
厄,120
衙,119
股,119
學,119
牌,118
瀧,118
冶,118
釧,117
蕃,117
璃,117
爪,117
煽,117
柿,117
儲,117
霜,116
箔,116
杖,116
晒,116
噛,116
厥,116
胚,115
叶,115
虹,114
殉,114
侠,113
姦,112
丙,112
鱗,111
訛,111
稔,111
廠,111
嘘,111
凄,111
裾,110
蔓,110
茹,110
膠,110
糞,110
斑,110
惣,110
庸,110
冨,110
錫,109
邑,109
奄,109
壺,109
堕,109
苛,108
聡,108
巫,108
餅,107
氾,107
棺,107
鬱,106
蕉,106
耽,106
毘,106
梗,106
憑,106
喰,106
站,105
楔,105
蝶,104
鎧,103
薇,103
芋,103
膳,103
畷,103
炒,103
毀,103
撫,103
憩,103
叉,103
鷺,102
沃,102
檀,102
梯,102
栓,102
弔,102
巾,102
騙,101
陛,101
薔,101
坐,101
駕,100
隼,100
諜,100
胤,100
肘,100
砥,100
瞑,100
嚆,100
膣,99
瀕,99
漆,99
叛,99
麟,98
餐,98
芭,98
廣,98
鴻,97
馳,97
痴,97
璽,97
梓,97
撥,97
墾,97
嘩,97
侮,97
矩,96
熾,96
拭,96
嘱,96
呑,96
匂,96
渥,95
堰,95
喉,95
串,95
紺,94
炸,94
漱,94
橙,94
巌,94
寵,94
仔,94
隕,93
遙,93
逢,93
諡,93
珪,93
欽,93
樟,93
鰻,92
閘,92
逓,92
踪,92
謁,92
蜀,92
秤,92
洩,92
挽,92
堪,92
雛,91
轢,91
聯,91
耆,91
熙,91
溺,91
拙,91
拐,91
姪,91
痺,90
悦,90
叱,90
舷,89
窃,89
犀,89
朋,89
乖,89
渤,88
摺,88
恣,88
怨,88
塑,88
只,88
丞,88
葡,87
此,87
奘,87
僑,87
賓,86
蒼,86
斡,86
捏,86
喘,86
蚕,85
徽,85
峯,85
麿,84
采,84
酪,84
邊,84
邇,84
董,84
淘,84
註,83
葦,83
燈,83
撒,83
噌,83
喝,83
亥,83
丑,83
饋,82
軋,82
繕,82
椿,82
杵,82
掻,82
拗,82
妬,82
埴,82
鍮,81
醜,81
迹,81
輿,81
膵,81
翠,81
罷,81
挺,81
嵩,81
鋒,80
綬,80
禍,80
榊,80
旛,80
孵,80
卜,80
閤,79
盧,79
熹,79
殲,79
榛,79
旺,79
佑,79
逼,78
藁,78
畝,78
楯,78
謹,77
罠,77
濾,77
沌,77
檜,77
允,77
且,77
諫,76
蟹,76
翁,76
篭,76
瞳,76
捗,76
扁,76
寓,76
刹,76
遜,75
迭,75
衷,75
罵,75
矮,75
會,75
妄,75
塹,75
郁,74
轟,74
紆,74
碍,74
珂,74
煎,74
樫,74
弐,74
宦,74
酉,73
葵,73
脩,73
窯,73
狐,73
擲,73
厭,73
佛,73
斧,72
拮,72
慨,72
堵,72
圓,72
噺,72
喋,72
尹,72
聚,71
穣,71
矯,71
皐,71
渾,71
扮,71
嫉,71
嚇,71
俘,71
頸,70
靭,70
銚,70
舒,70
禹,70
畏,70
濱,70
濠,70
棹,70
頌,69
諧,69
禽,69
祚,69
瑜,69
爬,69
柑,69
揉,69
團,69
剃,69
亨,69
輻,68
箸,68
瓜,68
斤,68
勿,68
于,68
閃,67
錆,67
蹟,67
詮,67
粕,67
櫛,67
偈,67
謬,66
訶,66
紗,66
弄,66
塀,66
厘,66
伍,66
仇,66
鯖,65
雁,65
贅,65
誦,65
礫,65
爺,65
泄,65
拷,65
弼,65
嬉,65
鍼,64
謂,64
薪,64
舘,64
緋,64
簒,64
痢,64
琥,64
崗,64
堯,64
嘲,64
咽,64
劾,64
兎,64
俠,64
鮎,63
趨,63
綺,63
疵,63
樋,63
杏,63
卯,63
兜,63
丼,63
荼,62
芒,62
墟,62
萄,61
珀,61
爻,61
濡,61
櫻,61
鹵,60
蝋,60
薙,60
瑕,60
戮,60
婢,60
釘,59
轍,59
軛,59
虔,59
翡,59
繹,59
禰,59
汝,59
咸,59
傳,59
贄,58
蝕,58
苔,58
煕,58
浙,58
棘,58
冑,58
鉾,57
酎,57
賤,57
藏,57
煉,57
椒,57
桟,57
掟,57
愉,57
崔,57
屏,57
娼,57
兌,57
什,57
隘,56
陝,56
襟,56
綜,56
竄,56
穿,56
穢,56
煌,56
實,56
厨,56
髭,55
雍,55
竈,55
漕,55
悉,55
埠,55
鑽,54
鋏,54
賂,54
蕎,54
萎,54
茲,54
縣,54
粥,54
痩,54
溥,54
梢,54
曼,54
冤,54
駁,53
鄧,53
覗,53
苫,53
絆,53
籾,53
焚,53
某,53
捌,53
妾,53
鯉,52
經,52
竪,52
甫,52
牒,52
杭,52
惚,52
凋,52
鼠,51
鰓,51
蹶,51
萱,51
縞,51
痘,51
灸,51
滓,51
夭,51
垢,51
嘗,51
嘔,51
錘,50
辣,50
諺,50
詫,50
糠,50
廿,50
嗅,50
劫,50
鹸,49
躊,49
躇,49
贋,49
袴,49
翅,49
綏,49
擾,49
拌,49
戎,49
彷,49
屠,49
奢,49
叢,49
鐐,48
鍾,48
蒐,48
臥,48
臆,48
腱,48
碧,48
哈,48
呆,48
傲,48
偲,48
貪,47
虞,47
稠,47
禎,47
淑,47
彌,47
巽,47
巷,47
寳,47
媚,47
謗,46
衍,46
蕩,46
湛,46
櫓,46
槌,46
楳,46
揖,46
埃,46
鴎,45
饗,45
陪,45
赳,45
蘆,45
蔡,45
葺,45
筈,45
洒,45
昏,45
弩,45
匡,45
齋,44
鰹,44
鞘,44
蜘,44
蛛,44
蚊,44
荀,44
糊,44
祢,44
眉,44
渚,44
曙,44
愕,44
屑,44
鮭,43
髙,43
靡,43
邉,43
襄,43
蒔,43
膏,43
竺,43
柘,43
旱,43
僭,43
鼎,42
繍,42
篳,42
篥,42
箪,42
睨,42
爽,42
斂,42
憾,42
宕,42
套,42
魃,41
飴,41
錮,41
釉,41
酌,41
訃,41
羲,41
攪,41
拿,41
喬,41
鮫,40
頬,40
贖,40
讀,40
裳,40
莢,40
煤,40
涌,40
捲,40
托,40
嵌,40
魁,39
霖,39
跋,39
誅,39
蟄,39
菖,39
莽,39
玖,39
狸,39
毫,39
掠,39
抒,39
懺,39
憐,39
宍,39
蔭,38
荊,38
脛,38
綽,38
筮,38
淮,38
檗,38
枇,38
杷,38
攣,38
彬,38
圃,38
剪,38
鵠,37
鉤,37
這,37
諒,37
誹,37
袂,37
薨,37
臀,37
祓,37
磔,37
砺,37
疹,37
璋,37
玲,37
狄,37
淫,37
晰,37
愁,37
﨑,37
嬰,37
婁,37
姜,37
鯛,36
邁,36
遁,36
訊,36
蒜,36
聾,36
痙,36
瓢,36
濤,36
欣,36
楢,36
暢,36
捺,36
拼,36
戟,36
俯,36
顛,35
霍,35
鋸,35
鈔,35
躯,35
肛,35
綸,35
絃,35
稗,35
燐,35
槇,35
惠,35
怯,35
徂,35
寶,35
妓,35
咳,35
凰,35
倹,35
齬,34
齟,34
馨,34
閩,34
逍,34
蓬,34
茄,34
脾,34
肋,34
瓊,34
淋,34
檎,34
槙,34
昂,34
撹,34
徠,34
姑,34
奸,34
坤,34
咎,34
饒,33
韋,33
賈,33
蛭,33
穎,33
祟,33
甦,33
淆,33
尤,33
囁,33
僻,33
荏,32
芹,32
艘,32
罫,32
紘,32
甕,32
狛,32
櫃,32
彿,32
已,32
壷,32
鴉,31
顆,31
輳,31
賽,31
訣,31
艮,31
絨,31
簾,31
眩,31
猥,31
瀋,31
沓,31
椀,31
桿,31
喀,31
餡,30
頤,30
閔,30
銑,30
藪,30
薗,30
臏,30
翰,30
盃,30
猩,30
渟,30
棍,30
弛,30
冴,30
麒,29
顗,29
貶,29
襷,29
蕨,29
莞,29
芻,29
艶,29
肇,29
祠,29
瞰,29
爛,29
滸,29
毬,29
椋,29
戌,29
孕,29
娶,29
夙,29
亢,29
齧,28
麾,28
靱,28
隧,28
銖,28
逞,28
褪,28
胥,28
瀞,28
澱,28
渠,28
楷,28
惰,28
幀,28
帷,28
崑,28
宵,28
婉,28
倦,28
些,28
鶯,27
雉,27
酋,27
辟,27
躙,27
蹂,27
襖,27
莎,27
膿,27
腿,27
竿,27
碗,27
盂,27
癸,27
淹,27
梟,27
朕,27
憬,27
屍,27
奎,27
唾,27
鶻,26
體,26
騏,26
讒,26
彪,26
臍,26
禮,26
痰,26
琢,26
浚,26
杢,26
摯,26
忽,26
墺,26
埔,26
唖,26
咫,26
吻,26
吠,26
饅,25
韮,25
霰,25
趾,25
賎,25
瞞,25
檄,25
宥,25
壽,25
仗,25
鰐,24
閾,24
鏃,24
躁,24
蝸,24
蛯,24
莱,24
羹,24
獰,24
濟,24
漉,24
涵,24
汪,24
撞,24
掩,24
捷,24
悶,24
囃,24
咄,24
乎,24
鱒,23
鰾,23
鞠,23
鞄,23
雫,23
酊,23
輯,23
裡,23
螢,23
蛙,23
茸,23
與,23
紇,23
箋,23
稙,23
珊,23
爲,23
燭,23
滲,23
杣,23
敲,23
撈,23
懿,23
廬,23
幇,23
巖,23
姥,23
俟,23
鯱,22
韶,22
阮,22
輓,22
裟,22
蛸,22
膀,22
胱,22
肴,22
瑚,22
燻,22
灼,22
涜,22
毯,22
枡,22
圀,22
黍,21
韃,21
閭,21
迄,21
讖,21
譬,21
諌,21
誼,21
袈,21
蟻,21
蝉,21
蕭,21
蓑,21
莉,21
舐,21
總,21
篩,21
禿,21
碩,21
硯,21
砧,21
獨,21
燧,21
澳,21
沫,21
沐,21
棠,21
掬,21
恰,21
來,21
髑,20
髏,20
騫,20
霆,20
雹,20
闢,20
銛,20
醪,20
酩,20
褶,20
裴,20
號,20
蕊,20
芙,20
艤,20
臂,20
羨,20
絲,20
紂,20
笙,20
稷,20
瘤,20
畢,20
漿,20
渫,20
幟,20
宸,20
址,20
嘴,20
丕,20
髻,19
竟,19
雙,19
錨,19
豹,19
證,19
蟲,19
虻,19
耀,19
繞,19
絢,19
窩,19
穆,19
癪,19
癇,19
當,19
旁,19
龐,19
孜,19
咋,19
凉,19
仄,19
鯀,18
閻,18
贔,18
詛,18
詁,18
蠣,18
薮,18
羈,18
糯,18
粳,18
簗,18
笏,18
礬,18
猷,18
燗,18
檻,18
樂,18
昊,18
憚,18
愈,18
徘,18
徊,18
屓,18
俄,18
亦,18
鬚,17
髷,17
闔,17
闍,17
鎚,17
鋤,17
鄯,17
豫,17
蔚,17
茫,17
羯,17
羞,17
糎,17
瑪,17
獏,17
猾,17
焙,17
炙,17
渣,17
櫂,17
榮,17
撚,17
撓,17
岱,17
嬌,17
壹,17
塙,17
哥,17
咬,17
呟,17
卉,17
傅,17
黛,16
鬆,16
蔬,16
葱,16
茗,16
范,16
臺,16
笥,16
禊,16
狡,16
煬,16
烹,16
氐,16
歎,16
檬,16
攬,16
戍,16
弗,16
廓,16
岑,16
咤,16
吃,16
餃,15
頽,15
闊,15
鏑,15
鍬,15
醉,15
蹈,15
詢,15
蘊,15
藉,15
薛,15
茉,15
聲,15
缺,15
縻,15
禾,15
礙,15
眷,15
皺,15
疋,15
琳,15
濘,15
氣,15
欅,15
檸,15
槐,15
掾,15
拵,15
恪,15
帛,15
尸,15
姚,15
奠,15
噪,15
嗚,15
啄,15
咥,15
咀,15
匙,15
凧,15
佃,15
魎,14
颪,14
鞨,14
靼,14
釋,14
醗,14
邵,14
迪,14
軾,14
躅,14
諷,14
諍,14
褹,14
蘚,14
薯,14
苅,14
籃,14
筵,14
疱,14
瑩,14
獺,14
猴,14
焔,14
澁,14
漣,14
滬,14
涛,14
泻,14
歆,14
梧,14
柩,14
曺,14
搗,14
惇,14
恫,14
彭,14
將,14
娑,14
姐,14
嚼,14
厖,14
勁,14
冲,14
冀,14
兗,14
佩,14
亞,14
齎,13
鵞,13
驍,13
馮,13
顰,13
鞴,13
鞆,13
陋,13
鐸,13
鐙,13
鎬,13
鋪,13
鈞,13
鄙,13
躑,13
蹙,13
踵,13
褻,13
蕪,13
蓉,13
茜,13
舅,13
聳,13
纒,13
繪,13
籤,13
筏,13
砒,13
珎,13
烙,13
游,13
涓,13
汀,13
楓,13
桔,13
暈,13
擅,13
掖,13
捩,13
扈,13
戔,13
徨,13
坡,13
坎,13
嗟,13
卷,13
剽,13
剋,13
偕,13
倚,13
侈,13
齊,12
麩,12
鳶,12
鱈,12
飫,12
靺,12
陞,12
闕,12
鍍,12
鋲,12
邱,12
邈,12
辨,12
跪,12
謨,12
蜃,12
處,12
菴,12
聰,12
翳,12
縊,12
簀,12
窄,12
礪,12
睿,12
瘡,12
狽,12
炮,12
瀾,12
瀉,12
溪,12
洙,12
歿,12
櫨,12
栞,12
柾,12
枷,12
杓,12
杁,12
攫,12
撼,12
抉,12
戈,12
戀,12
憺,12
悸,12
彝,12
廼,12
廈,12
夥,12
埵,12
埜,12
呵,12
卍,12
假,12
俎,12
魍,11
鬘,11
駙,11
頚,11
鞜,11
靄,11
關,11
酘,11
鄒,11
邂,11
逡,11
逅,11
誡,11
詭,11
覊,11
裒,11
袍,11
蝿,11
蔦,11
苺,11
舛,11
臘,11
膾,11
膺,11
脹,11
罐,11
縷,11
箒,11
笈,11
秉,11
發,11
癩,11
痍,11
畫,11
瑣,11
琦,11
猜,11
燼,11
燦,11
澎,11
滔,11
渺,11
楪,11
桀,11
柊,11
朧,11
斃,11
截,11
悌,11
恕,11
恆,11
崙,11
姶,11
哭,11
哩,11
匝,11
凪,11
几,11
黌,10
鰯,10
魄,10
髴,10
髣,10
驕,10
餘,10
頊,10
霙,10
鎔,10
銕,10
躬,10
謐,10
襦,10
蠅,10
蜻,10
蛉,10
蘂,10
臙,10
腑,10
繭,10
糀,10
篁,10
筌,10
秣,10
禧,10
碾,10
皓,10
疼,10
瑛,10
玻,10
獠,10
煥,10
潭,10
潘,10
渭,10
欖,10
橄,10
勗,10
憫,10
慄,10
弉,10
尭,10
媧,10
姨,10
堝,10
囮,10
鴫,9
鰍,9
馭,9
颯,9
顓,9
霽,9
雕,9
闐,9
鑿,9
鑁,9
鍔,9
錢,9
鉦,9
鈿,9
釐,9
辯,9
辭,9
跏,9
賣,9
誨,9
褄,9
蠱,9
蟠,9
蜷,9
蛹,9
菟,9
羌,9
繇,9
粲,9
粤,9
箴,9
筰,9
碕,9
碇,9
矧,9
瞼,9
痒,9
甑,9
瑤,9
瀟,9
潴,9
滿,9
涸,9
洸,9
泗,9
沽,9
汾,9
樊,9
椏,9
棗,9
梃,9
柚,9
暉,9
昴,9
攀,9
憔,9
愍,9
悴,9
恤,9
恍,9
彧,9
彖,9
彊,9
并,9
屁,9
孩,9
嬬,9
媽,9
壟,9
塘,9
嘯,9
唸,9
吼,9
區,9
勺,9
劈,9
刎,9
冕,9
兒,9
亙,9
鴛,8
鴈,8
驃,8
騸,8
飄,8
鞦,8
鞅,8
隴,8
陌,8
鑼,8
鐚,8
錚,8
鉉,8
醇,8
邯,8
邀,8
貊,8
訌,8
褌,8
蜴,8
蜥,8
蛾,8
蕾,8
葯,8
艾,8
舫,8
胝,8
肆,8
聶,8
聃,8
耿,8
續,8
緬,8
籌,8
籀,8
箭,8
箚,8
窴,8
祺,8
祆,8
碼,8
盈,8
瘻,8
甄,8
瑾,8
瑙,8
牘,8
熔,8
烽,8
烟,8
炯,8
澶,8
澪,8
溯,8
渙,8
淤,8
氈,8
樵,8
榕,8
楡,8
桝,8
栴,8
晟,8
无,8
摸,8
掣,8
扼,8
戰,8
愴,8
怜,8
彅,8
嶌,8
對,8
夾,8
埒,8
坩,8
圖,8
唹,8
叟,8
厲,8
卅,8
匣,8
劔,8
冉,8
兇,8
儚,8
俥,8
佚,8
佇,8
价,8
鹽,7
鵲,7
鯰,7
鬨,7
驢,7
駝,7
駈,7
頡,7
韆,7
鞏,7
閨,7
鄴,7
鄰,7
郅,7
邃,7
辷,7
輜,7
蹠,7
赫,7
豐,7
變,7
誥,7
訥,7
觀,7
衒,7
蝠,7
蝙,7
蛎,7
蔀,7
蓼,7
菫,7
舳,7
舩,7
腋,7
聊,7
紊,7
粍,7
篝,7
稈,7
祁,7
礦,7
磚,7
疸,7
畸,7
瓚,7
瑳,7
瑭,7
珥,7
燁,7
濊,7
洵,7
沮,7
歇,7
權,7
楫,7
椰,7
柯,7
杮,7
晏,7
晁,7
昉,7
斛,7
擡,7
捄,7
懣,7
恢,7
弖,7
廂,7
峅,7
娩,7
垓,7
囎,7
嚥,7
咆,7
厦,7
劃,7
剱,7
凜,7
凛,7
儺,7
侑,7
侂,7
你,7
伶,7
鼂,6
鵄,6
鮒,6
魑,6
駱,6
馗,6
韜,6
雜,6
雖,6
闖,6
鋺,6
銓,6
鈷,6
醬,6
醂,6
躰,6
躓,6
譴,6
謚,6
謔,6
謄,6
諚,6
裙,6
衞,6
螂,6
蕋,6
葭,6
萸,6
茱,6
芬,6
舉,6
腟,6
胖,6
耨,6
絣,6
紮,6
籐,6
筍,6
竇,6
禦,6
礒,6
磊,6
硼,6
瞿,6
瞥,6
瞋,6
睾,6
痣,6
痔,6
畦,6
瑯,6
獪,6
猊,6
瀝,6
瀚,6
潅,6
漲,6
溌,6
歸,6
檮,6
樗,6
槿,6
楞,6
桧,6
栂,6
杞,6
暹,6
攸,6
慟,6
愷,6
悍,6
廖,6
岷,6
尓,6
孺,6
孚,6
娍,6
妍,6
奚,6
喙,6
喇,6
哮,6
咩,6
匱,6
匪,6
匐,6
剌,6
刳,6
兩,6
倖,6
佗,6
份,6
龜,5
齣,5
鼈,5
黴,5
鶉,5
鵡,5
鮑,5
駢,5
頷,5
頫,5
鞮,5
鞋,5
闡,5
閦,5
銹,5
鉋,5
鉈,5
醫,5
邏,5
辮,5
躾,5
蹻,5
蹲,5
踞,5
貮,5
譙,5
誂,5
覲,5
襞,5
裃,5
袱,5
蝮,5
蝗,5
蛆,5
蘐,5
萢,5
萊,5
菰,5
苞,5
舍,5
翹,5
翊,5
繼,5
繚,5
緡,5
糟,5
糝,5
粮,5
籟,5
簫,5
箍,5
硅,5
矜,5
盪,5
皖,5
瓮,5
瑀,5
琺,5
珈,5
烝,5
炳,5
濮,5
濬,5
漪,5
滉,5
滄,5
淞,5
涎,5
洿,5
殯,5
歲,5
櫟,5
橡,5
橈,5
楮,5
棣,5
棕,5
棉,5
朮,5
昶,5
昱,5
昕,5
擂,5
捐,5
挹,5
拯,5
拇,5
抛,5
懶,5
憍,5
憊,5
愾,5
德,5
徭,5
徑,5
幢,5
孁,5
嬴,5
媞,5
娥,5
姆,5
奭,5
奝,5
奕,5
奐,5
堊,5
垝,5
圳,5
喃,5
咱,5
匍,5
勛,5
冰,5
冦,5
冏,5
偃,5
倪,5
俩,5
俑,5
侘,5
侃,5
佼,5
亶,5
龠,4
龕,4
黑,4
麴,4
鹹,4
鷯,4
鷦,4
鵯,4
鰈,4
髯,4
髦,4
骰,4
驛,4
驒,4
驎,4
馘,4
颱,4
靳,4
靠,4
雞,4
雎,4
隸,4
隨,4
閼,4
鏤,4
鈎,4
酥,4
鄲,4
迴,4
车,4
轡,4
輟,4
軻,4
蹊,4
踰,4
趺,4
赧,4
贇,4
賾,4
賁,4
譽,4
詈,4
觝,4
褚,4
袷,4
袢,4
衾,4
蠹,4
蟋,4
蚩,4
藺,4
薊,4
蕗,4
蓍,4
萃,4
莚,4
莓,4
舂,4
臧,4
臚,4
翟,4
羂,4
罕,4
纈,4
絓,4
絅,4
紬,4
簧,4
筧,4
笄,4
稻,4
秬,4
祿,4
祗,4
磧,4
碌,4
瞽,4
盡,4
盞,4
瘠,4
璩,4
璟,4
琲,4
琅,4
犁,4
牆,4
爭,4
焯,4
炫,4
瀲,4
瀑,4
濂,4
漳,4
滇,4
浬,4
洟,4
沂,4
汞,4
欒,4
櫚,4
橇,4
樓,4
槎,4
椹,4
梔,4
栻,4
杲,4
曚,4
暎,4
昵,4
旌,4
斟,4
敖,4
收,4
搏,4
挌,4
拜,4
慷,4
愼,4
惡,4
悛,4
忉,4
弴,4
庖,4
幄,4
㠀,4
崧,4
崋,4
屎,4
尞,4
奧,4
塚,4
噶,4
啜,4
呰,4
劭,4
剿,4
刄,4
凖,4
冽,4
兀,4
儘,4
僖,4
僊,4
傕,4
仍,4
乍,4
丗,4
麝,3
鸕,3
鴦,3
鴒,3
鱟,3
鰺,3
鮨,3
鬣,3
驟,3
駑,3
饌,3
餉,3
颶,3
顥,3
頗,3
隝,3
鑓,3
鏨,3
錻,3
錺,3
鉞,3
鉗,3
鉃,3
釗,3
醋,3
郃,3
邢,3
迸,3
迩,3
迢,3
辜,3
轤,3
轆,3
蹇,3
貘,3
谿,3
讓,3
謾,3
謌,3
諳,3
諄,3
誣,3
訝,3
覯,3
裘,3
袞,3
蠕,3
蟷,3
蝎,3
蜚,3
蛤,3
蛞,3
藹,3
藷,3
薀,3
蕁,3
蒴,3
蒡,3
葳,3
葫,3
菽,3
菁,3
莵,3
莇,3
苻,3
苧,3
芍,3
艸,3
艀,3
腓,3
聟,3
耙,3
耄,3
羿,3
羃,3
罌,3
繫,3
繆,3
縒,3
緘,3
紈,3
粁,3
籬,3
籘,3
簇,3
篌,3
箜,3
筺,3
筥,3
筠,3
竦,3
竝,3
穹,3
稱,3
稍,3
禪,3
磑,3
磋,3
瘴,3
瘢,3
瘀,3
疽,3
疳,3
疝,3
畤,3
甸,3
甜,3
瓤,3
瓔,3
瑟,3
瑄,3
瑁,3
珙,3
獻,3
犂,3
爐,3
燮,3
热,3
灞,3
瀰,3
澹,3
澗,3
潙,3
淄,3
涮,3
涇,3
洽,3
洹,3
泯,3
泛,3
沛,3
沆,3
氧,3
氓,3
毌,3
殳,3
歐,3
櫔,3
樅,3
槨,3
槊,3
榷,3
梛,3
梏,3
桴,3
桎,3
框,3
枳,3
枋,3
朶,3
曵,3
曠,3
曄,3
旻,3
攝,3
擱,3
據,3
撻,3
搦,3
捶,3
拱,3
懼,3
懍,3
懃,3
慫,3
慂,3
愧,3
悳,3
悧,3
恙,3
怛,3
忿,3
忻,3
從,3
很,3
彎,3
弑,3
弋,3
廾,3
帙,3
嶮,3
尔,3
專,3
寫,3
孛,3
嬪,3
嫦,3
婺,3
姒,3
妲,3
夔,3
壜,3
圍,3
嚴,3
嚮,3
嘶,3
喁,3
啼,3
啖,3
咒,3
叭,3
厂,3
卡,3
匕,3
勳,3
冄,3
兮,3
兢,3
兔,3
儼,3
儷,3
儋,3
儁,3
侏,3
佶,3
佟,3
佞,3
仝,3
亂,3
乘,3
龝,2
龙,2
齶,2
齡,2
齕,2
鼬,2
黻,2
默,2
黃,2
麼,2
麵,2
鷟,2
鷗,2
鷄,2
鶿,2
鶺,2
鵺,2
鵰,2
鵝,2
鵙,2
鴟,2
鳰,2
鱸,2
鱧,2
鱚,2
鰮,2
鰤,2
鰌,2
鯵,2
鯤,2
鮓,2
魹,2
鬩,2
鬢,2
驁,2
駰,2
馥,2
饂,2
餞,2
飩,2
頴,2
鞬,2
鞫,2
靉,2
靈,2
靂,2
霹,2
霓,2
霄,2
隲,2
隍,2
陬,2
陜,2
阯,2
閹,2
閂,2
鑰,2
鑢,2
鑚,2
鑈,2
鐶,2
鐡,2
鐔,2
鏝,2
鏐,2
錄,2
銜,2
鉚,2
鉏,2
鈹,2
釵,2
醴,2
醢,2
醞,2
鄄,2
郢,2
郞,2
邨,2
邛,2
逵,2
轉,2
輦,2
輅,2
軫,2
躱,2
蹋,2
蹉,2
跌,2
贛,2
貽,2
貳,2
貂,2
豎,2
豈,2
豁,2
譯,2
諤,2
誑,2
誄,2
詹,2
詡,2
觴,2
覽,2
覺,2
覓,2
襴,2
襠,2
褲,2
褥,2
褞,2
裹,2
裨,2
袰,2
袤,2
衿,2
衫,2
衢,2
蟾,2
蝓,2
蜑,2
蜍,2
蜆,2
蘿,2
蘖,2
藐,2
薑,2
薐,2
蓚,2
蓙,2
葷,2
葎,2
萼,2
菲,2
菠,2
菏,2
莒,2
茣,2
苓,2
舊,2
舃,2
臈,2
膽,2
膊,2
脯,2
肱,2
肄,2
耜,2
翺,2
翫,2
罘,2
纐,2
纆,2
繧,2
繝,2
縢,2
縟,2
緞,2
綢,2
綠,2
糜,2
糒,2
粵,2
粱,2
粂,2
籙,2
簺,2
簪,2
篷,2
笵,2
竽,2
窿,2
穽,2
穰,2
穗,2
穐,2
穌,2
㊙,2
𥝱,2
礽,2
磾,2
碎,2
矣,2
睺,2
睫,2
眄,2
皷,2
皋,2
癲,2
癡,2
癘,2
痲,2
痂,2
畯,2
电,2
甝,2
瓲,2
瓌,2
瓉,2
璞,2
璐,2
瑶,2
琰,2
琮,2
琫,2
珞,2
玕,2
獸,2
狹,2
犧,2
犢,2
犍,2
牀,2
燵,2
燔,2
熈,2
煦,2
煢,2
焜,2
炬,2
灤,2
灣,2
灑,2
灃,2
濞,2
濛,2
潼,2
潁,2
滾,2
滯,2
滌,2
滕,2
溏,2
淨,2
浣,2
沒,2
沁,2
汶,2
汴,2
汨,2
汕,2
毋,2
歬,2
歡,2
歟,2
橐,2
樴,2
樞,2
槁,2
榔,2
楨,2
椛,2
梳,2
梠,2
桄,2
栢,2
柝,2
枸,2
杼,2
杰,2
杠,2
朦,2
朖,2
曷,2
曆,2
晨,2
晧,2
昤,2
旃,2
斷,2
斈,2
敎,2
擘,2
擎,2
撕,2
摑,2
捔,2
戩,2
懊,2
慙,2
慊,2
慇,2
愿,2
愆,2
惻,2
惲,2
悖,2
悄,2
恬,2
恚,2
恃,2
忩,2
忖,2
彘,2
弍,2
弌,2
廳,2
廰,2
幺,2
嶹,2
嵜,2
峴,2
岫,2
屹,2
屬,2
屨,2
屐,2
寨,2
寢,2
嬲,2
娚,2
姬,2
姝,2
夛,2
壙,2
堉,2
埓,2
坏,2
囊,2
噸,2
嘛,2
嗾,2
嗽,2
啉,2
哇,2
哄,2
呷,2
吋,2
卬,2
勱,2
劒,2
劍,2
剝,2
刪,2
凞,2
冢,2
兪,2
僔,2
倅,2
俾,2
俱,2
俚,2
侭,2
侗,2
侖,2
侔,2
佬,2
仡,2
从,2
亰,2
亚,2
丫,2
个,2
龔,1
齲,1
齒,1
鼾,1
黼,1
黨,1
黥,1
黠,1
點,1
黏,1
麸,1
麬,1
麥,1
麑,1
麈,1
麁,1
鹼,1
鸱,1
鸝,1
鸚,1
鶩,1
鵒,1
鴬,1
鴝,1
鲀,1
鱰,1
鱪,1
鱣,1
鱇,1
鰷,1
𫙮,1
鰛,1
鰒,1
鰊,1
鯢,1
鯕,1
鯏,1
鯆,1
鮪,1
鮃,1
鬐,1
髞,1
髀,1
骼,1
驪,1
驩,1
驥,1
驤,1
驌,1
驀,1
騾,1
騁,1
駮,1
駟,1
饕,1
饑,1
餮,1
餠,1
餝,1
飪,1
飠,1
飞,1
飜,1
顯,1
顚,1
顏,1
頵,1
韪,1
韛,1
韐,1
鞣,1
靨,1
靜,1
靆,1
霸,1
雩,1
雒,1
隗,1
陂,1
阳,1
阡,1
闌,1
閖,1
閒,1
閎,1
閇,1
长,1
鑲,1
鑪,1
鑠,1
鑞,1
鑛,1
鑒,1
鏺,1
鏢,1
鏞,1
鎭,1
鍱,1
鍇,1
鋿,1
鋩,1
鉅,1
鉀,1
鈩,1
鈕,1
鈑,1
釷,1
釦,1
釤,1
釕,1
醵,1
醱,1
醯,1
醮,1
酛,1
鄱,1
鄜,1
鄂,1
郯,1
郛,1
邳,1
邕,1
遶,1
遲,1
遯,1
遒,1
遑,1
逹,1
适,1
迚,1
辶,1
辵,1
辦,1
轅,1
轀,1
輒,1
軆,1
軀,1
蹤,1
踝,1
跫,1
跢,1
跗,1
跖,1
跑,1
贍,1
贊,1
賴,1
豺,1
豨,1
豌,1
豉,1
诸,1
说,1
讚,1
譫,1
譞,1
謫,1
謜,1
諛,1
誾,1
說,1
詘,1
詒,1
詆,1
訇,1
觜,1
览,1
覘,1
襌,1
襆,1
褫,1
裲,1
裯,1
裊,1
裄,1
袿,1
衲,1
衚,1
衕,1
蠻,1
蠟,1
蠔,1
蠍,1
蟯,1
䗪,1
蟇,1
蟀,1
蝣,1
蜉,1
蛰,1
蛦,1
蛟,1
蚶,1
虱,1
虛,1
虆,1
蘘,1
薺,1
薈,1
𦻙,1
蕙,1
蔴,1
蔣,1
蔗,1
蔕,1
蓺,1
蒻,1
蒯,1
蒟,1
葩,1
葆,1
萨,1
萠,1
萍,1
萇,1
菇,1
荅,1
苹,1
苴,1
芿,1
芾,1
芮,1
芟,1
芎,1
艱,1
艫,1
艪,1
艟,1
舁,1
臑,1
膩,1
膑,1
膂,1
腦,1
胭,1
脉,1
胛,1
肜,1
肚,1
肓,1
耻,1
耘,1
耋,1
翽,1
翬,1
翦,1
翕,1
翎,1
羮,1
羣,1
羇,1
羆,1
罡,1
绸,1
维,1
给,1
繻,1
繩,1
繦,1
繡,1
縺,1
縋,1
縅,1
緱,1
緝,1
綵,1
絽,1
絋,1
紉,1
糺,1
糴,1
糲,1
糢,1
粽,1
粹,1
粭,1
粃,1
籽,1
籼,1
簸,1
簠,1
簟,1
簔,1
簎,1
簋,1
篦,1
篋,1
箙,1
箆,1
筱,1
筝,1
筛,1
筅,1
笞,1
笘,1
笊,1
竰,1
竭,1
竩,1
竓,1
竅,1
窼,1
窹,1
窳,1
窫,1
窠,1
窘,1
穭,1
穉,1
稅,1
稃,1
秕,1
秊,1
禺,1
禳,1
禱,1
禔,1
祜,1
祐,1
礻,1
磴,1
磌,1
碯,1
碟,1
矦,1
矠,1
矞,1
矗,1
矍,1
瞻,1
瞎,1
睞,1
睛,1
眸,1
眭,1
眈,1
盜,1
盘,1
皝,1
皎,1
皈,1
癰,1
癬,1
癈,1
瘦,1
瘟,1
瘖,1
瘋,1
痾,1
疣,1
畺,1
畧,1
畚,1
畎,1
甯,1
甪,1
產,1
甅,1
瓱,1
瓫,1
瓩,1
瓣,1
瓠,1
瓘,1
瓏,1
璿,1
璵,1
璫,1
璨,1
璁,1
瑗,1
琿,1
琨,1
琊,1
珸,1
珣,1
珉,1
珅,1
玳,1
獘,1
獒,1
狷,1
狢,1
狎,1
犴,1
犇,1
爼,1
爨,1
燿,1
燠,1
燎,1
燉,1
熬,1
熕,1
煨,1
煜,1
焰,1
烤,1
灵,1
灊,1
瀘,1
瀏,1
瀆,1
濼,1
濶,1
濕,1
濔,1
澧,1
澔,1
澒,1
澍,1
澈,1
潞,1
潑,1
漾,1
滷,1
漓,1
满,1
滙,1
溟,1
湣,1
渼,1
淺,1
淸,1
淪,1
淝,1
淛,1
涿,1
浞,1
洌,1
泚,1
泪,1
泙,1
泔,1
毟,1
殱,1
殤,1
歷,1
歧,1
步,1
欹,1
櫪,1
檨,1
檔,1
檉,1
橪,1
樾,1
樣,1
樝,1
樒,1
榻,1
榲,1
榧,1
榦,1
榠,1
榑,1
榀,1
楤,1
楣,1
楂,1
椥,1
椚,1
椙,1
棭,1
棫,1
棧,1
棊,1
梭,1
梦,1
梈,1
桲,1
桌,1
桉,1
栩,1
栅,1
柬,1
柞,1
柒,1
枦,1
枥,1
枓,1
杳,1
杤,1
杌,1
杆,1
朞,1
朐,1
曉,1
曁,1
暲,1
暠,1
晸,1
晷,1
晤,1
晝,1
晚,1
晗,1
昻,1
昺,1
昰,1
昫,1
昪,1
斿,1
𣂑,1
斌,1
數,1
敞,1
效,1
攵,1
攜,1
擶,1
擧,1
撿,1
撾,1
撣,1
摧,1
摎,1
搔,1
掏,1
捽,1
捫,1
捥,1
挐,1
拕,1
拔,1
拏,1
拈,1
抬,1
抔,1
扎,1
扃,1
戶,1
戲,1
戛,1
战,1
懷,1
懌,1
懈,1
慚,1
愰,1
愬,1
惊,1
悱,1
恶,1
恠,1
恖,1
总,1
怡,1
怙,1
徙,1
徇,1
彥,1
彍,1
彈,1
廸,1
廢,1
廚,1
廆,1
庾,1
幷,1
幵,1
幔,1
帶,1
帚,1
帕,1
帑,1
巒,1
嶸,1
嶰,1
嶝,1
嵬,1
嵓,1
嵆,1
崛,1
崆,1
峒,1
岔,1
屡,1
寬,1
寥,1
寤,1
寞,1
𡩛,1
寐,1
宫,1
宓,1
它,1
孙,1
孃,1
孀,1
嬋,1
嫩,1
婪,1
娟,1
娜,1
娃,1
姈,1
奬,1
夘,1
壻,1
壒,1
壍,1
墲,1
增,1
塰,1
塨,1
塒,1
塋,1
堠,1
堞,1
埶,1
垰,1
垠,1
坫,1
圜,1
圉,1
圈,1
圄,1
围,1
团,1
囟,1
囓,1
囑,1
嚶,1
嚳,1
嚩,1
嚙,1
嚈,1
噲,1
噬,1
噫,1
噤,1
噠,1
嗤,1
嗢,1
嗔,1
嗑,1
嗇,1
嗄,1
喻,1
單,1
喆,1
呻,1
呐,1
呃,1
吽,1
吳,1
吮,1
吝,1
參,1
厠,1
卞,1
卌,1
匯,1
匤,1
匀,1
勸,1
勰,1
勞,1
动,1
剼,1
剕,1
剐,1
别,1
凭,1
冩,1
册,1
关,1
兰,1
兞,1
兛,1
兕,1
儿,1
價,1
僮,1
僦,1
僥,1
僣,1
僂,1
傴,1
傒,1
傌,1
偸,1
倩,1
倆,1
倀,1
俀,1
佻,1
佺,1
佯,1
佈,1
伙,1
伋,1
亳,1
𫡷,1
亅,1
乭,1
乕,1
丮,1
丨,1
丝,1
东,1
卄,1
丂,1