 ,231225,
年,210784,1年生
日,117508,1年生
大,103892,1年生
国,99011,2年生
本,91541,1年生
行,89603,2年生
用,86311,2年生
人,86145,1年生
一,84618,1年生
的,78261,4年生
中,75561,1年生
時,71107,2年生
月,70123,1年生
合,68128,2年生
線,65735,2年生
発,65714,3年生
上,64955,1年生
地,64424,2年生
間,63734,2年生
後,61061,2年生
学,60726,1年生
車,59028,1年生
定,58864,3年生
作,58687,2年生
分,57485,2年生
場,56063,2年生
代,55211,3年生
駅,54551,3年生
成,53302,4年生
部,52295,3年生
出,52159,1年生
方,51194,2年生
数,50555,2年生
同,49728,2年生
生,49072,1年生
化,48616,3年生
者,47422,3年生
会,46605,2年生
通,45638,2年生
多,45286,2年生
以,45272,4年生
対,44733,3年生
戦,44385,4年生
事,44192,3年生
体,43886,2年生
動,43699,3年生
現,43229,5年生
自,42446,2年生
東,42382,2年生
名,42145,1年生
子,41786,1年生
開,41655,3年生
高,41616,2年生
内,41610,2年生
語,41575,2年生
道,41040,2年生
法,40723,4年生
在,40303,5年生
機,40082,4年生
性,39857,5年生
入,39697,1年生
下,39109,1年生
前,39008,2年生
主,38329,3年生
表,37804,3年生
物,37776,3年生
業,37085,3年生
関,37015,4年生
度,36285,3年生
電,36015,2年生
市,35630,2年生
新,35173,2年生
当,35166,2年生
理,35024,2年生
世,34951,3年生
力,34845,1年生
設,34652,5年生
立,34652,1年生
使,33829,3年生
長,33517,2年生
最,33234,4年生
実,33072,3年生
文,32848,1年生
全,32740,3年生
記,32014,2年生
家,31418,2年生
運,30104,3年生
社,29973,2年生
特,29811,4年生
見,29727,1年生
手,29615,1年生
期,29233,3年生
第,29060,3年生
言,28912,2年生
式,28826,3年生
山,28619,1年生
画,28548,2年生
連,28473,4年生
要,28336,4年生
政,28011,5年生
初,27633,4年生
制,26984,5年生
形,26870,2年生
能,26796,5年生
位,26436,4年生
鉄,26376,3年生
明,26328,2年生
外,26161,2年生
目,25599,1年生
平,25464,3年生
気,25448,1年生
置,25410,4年生
民,25387,4年生
軍,25156,4年生
教,25129,2年生
田,24862,1年生
小,24843,1年生
品,24838,3年生
面,24473,3年生
原,24436,2年生
所,24321,3年生
和,24067,3年生
書,24006,2年生
呼,23977,6年生
変,23884,4年生
結,23398,4年生
北,23245,2年生
京,23228,2年生
西,22890,2年生
持,22817,3年生
意,22773,3年生
海,22686,2年生
加,22420,4年生
川,21986,1年生
公,21878,2年生
有,21844,3年生
点,21770,2年生
列,21768,3年生
利,21736,4年生
神,21676,3年生
正,21649,1年生
系,21611,6年生
区,21485,3年生
存,21397,6年生
近,21238,2年生
元,21148,2年生
回,21122,2年生
両,21117,3年生
義,21082,5年生
界,20938,3年生
次,20876,3年生
際,20870,5年生
都,20835,3年生
水,20814,1年生
経,20701,5年生
転,20685,3年生
来,20555,2年生
続,20324,4年生
音,20260,1年生
路,20215,3年生
金,20172,1年生
受,19807,3年生
取,19530,3年生
号,19510,3年生
三,19142,1年生
野,19086,2年生
空,19012,1年生
向,18963,3年生
流,18728,3年生
指,18653,3年生
基,18592,5年生
権,18569,6年生
計,18426,2年生
治,18298,4年生
相,18196,3年生
急,18154,3年生
信,18132,4年生
重,18065,3年生
島,18041,3年生
直,17822,2年生
共,17820,4年生
始,17716,3年生
解,17640,5年生
組,17529,2年生
他,17441,3年生
天,17414,1年生
不,17379,4年生
論,17359,6年生
改,17311,4年生
構,17278,5年生
々,17229,
産,17209,4年生
別,17207,4年生
付,17094,4年生
可,17091,5年生
南,17057,2年生
交,17049,2年生
量,17001,4年生
様,16954,3年生
進,16901,3年生
送,16835,3年生
種,16735,4年生
字,16709,1年生
約,16673,4年生
二,16514,1年生
集,16453,3年生
速,16450,3年生
造,16331,5年生
説,16326,4年生
心,16312,2年生
統,16304,5年生
例,16153,4年生
議,16130,4年生
各,16081,4年生
域,16066,6年生
称,16046,中学校
素,16028,5年生
選,15995,4年生
等,15925,3年生
県,15854,3年生
活,15805,2年生
保,15801,5年生
売,15721,2年生
員,15605,3年生
王,15520,1年生
番,15343,2年生
知,15133,2年生
型,14989,4年生
状,14979,5年生
乗,14970,3年生
放,14944,3年生
示,14938,5年生
降,14915,6年生
紀,14913,4年生
少,14850,2年生
考,14837,2年生
規,14754,5年生
無,14717,4年生
古,14659,2年生
決,14606,3年生
製,14605,5年生
常,14596,5年生
強,14404,2年生
側,14327,4年生
楽,14214,2年生
得,14200,4年生
半,14100,2年生
参,14046,4年生
問,13988,3年生
類,13948,4年生
口,13927,1年生
応,13802,5年生
広,13771,2年生
移,13765,5年生
工,13697,2年生
終,13678,3年生
格,13666,5年生
単,13602,4年生
編,13555,5年生
質,13485,5年生
由,13473,3年生
題,13358,3年生
伝,13350,4年生
反,13348,3年生
身,13269,3年生
府,13205,4年生
果,13114,4年生
台,13110,2年生
朝,13075,2年生
起,13003,3年生
勝,12893,3年生
務,12802,5年生
支,12660,5年生
安,12625,3年生
含,12579,中学校
限,12569,5年生
認,12518,6年生
女,12474,1年生
術,12336,5年生
必,12323,4年生
条,12270,5年生
州,12216,3年生
止,12211,2年生
器,12158,4年生
異,12157,6年生
配,12088,3年生
般,12046,中学校
万,12015,2年生
引,12003,2年生
武,11978,5年生
団,11974,5年生
述,11906,5年生
馬,11838,2年生
領,11812,5年生
調,11754,3年生
着,11746,3年生
建,11685,4年生
演,11654,5年生
営,11654,5年生
総,11652,5年生
話,11618,2年生
接,11579,5年生
味,11518,3年生
族,11515,3年生
料,11480,4年生
再,11436,5年生
備,11426,5年生
派,11400,6年生
報,11399,5年生
技,11358,5年生
町,11343,1年生
先,11236,1年生
換,11230,中学校
争,11210,4年生
態,11201,5年生
映,11176,6年生
光,11175,2年生
任,11145,5年生
導,11126,5年生
比,11076,5年生
増,11010,5年生
過,10990,5年生
影,10893,中学校
装,10891,6年生
版,10890,5年生
命,10859,3年生
録,10792,4年生
確,10787,5年生
判,10715,5年生
準,10662,5年生
土,10660,1年生
載,10583,中学校
独,10567,5年生
登,10559,3年生
収,10514,6年生
観,10506,4年生
研,10433,3年生
太,10410,2年生
球,10399,3年生
象,10341,4年生
色,10306,2年生
競,10207,4年生
離,10149,中学校
程,10147,5年生
究,10141,3年生
切,10123,2年生
属,10122,5年生
石,9960,1年生
係,9958,3年生
皇,9947,6年生
士,9909,4年生
曲,9862,3年生
阪,9838,
込,9817,中学校
賞,9811,4年生
及,9740,中学校
周,9693,4年生
施,9685,中学校
響,9679,中学校
党,9615,6年生
与,9612,中学校
優,9511,6年生
陸,9511,4年生
戸,9479,2年生
価,9452,5年生
非,9343,5年生
校,9272,1年生
撃,9270,中学校
件,9266,5年生
局,9211,3年生
死,9154,3年生
星,9118,2年生
低,9113,4年生
木,9111,1年生
昭,9047,3年生
科,9027,2年生
史,9015,4年生
管,8979,4年生
算,8936,2年生
住,8920,3年生
宮,8915,3年生
食,8855,2年生
情,8829,5年生
率,8823,5年生
提,8822,5年生
更,8820,中学校
容,8775,5年生
兵,8752,4年生
達,8737,4年生
割,8723,6年生
走,8627,2年生
想,8597,3年生
米,8572,2年生
予,8545,3年生
彼,8521,中学校
資,8480,5年生
役,8438,3年生
官,8410,4年生
円,8402,1年生
展,8388,6年生
圧,8361,5年生
帝,8357,中学校
真,8288,3年生
挙,8285,4年生
完,8243,4年生
波,8182,3年生
張,8165,5年生
採,8148,5年生
標,8058,4年生
図,7988,2年生
英,7984,4年生
院,7977,3年生
頭,7972,2年生
残,7970,4年生
複,7948,5年生
屋,7935,3年生
値,7893,6年生
試,7877,4年生
積,7833,4年生
然,7812,4年生
勢,7768,5年生
客,7745,3年生
済,7739,6年生
葉,7723,3年生
門,7671,2年生
隊,7670,4年生
念,7669,4年生
細,7665,2年生
十,7664,1年生
害,7647,4年生
照,7599,4年生
継,7585,中学校
思,7538,2年生
除,7449,6年生
普,7420,中学校
帯,7418,4年生
停,7387,4年生
白,7375,1年生
風,7363,2年生
断,7362,5年生
末,7348,4年生
良,7229,4年生
旧,7186,5年生
源,7177,6年生
酸,7125,5年生
供,7106,6年生
商,7102,3年生
極,7096,4年生
歌,7093,2年生
案,7067,4年生
視,7053,6年生
整,7053,3年生
館,7033,3年生
従,7025,6年生
退,7015,5年生
個,7001,5年生
諸,6979,6年生
復,6963,5年生
育,6946,3年生
験,6927,4年生
橋,6916,3年生
協,6914,4年生
御,6902,中学校
難,6888,6年生
温,6868,3年生
求,6832,4年生
著,6817,6年生
消,6808,3年生
模,6803,6年生
境,6785,5年生
首,6771,2年生
村,6760,1年生
差,6749,4年生
頃,6749,
減,6744,5年生
打,6712,3年生
攻,6690,中学校
城,6672,6年生
江,6634,中学校
感,6628,3年生
効,6582,5年生
井,6552,中学校
廃,6538,中学校
段,6530,6年生
査,6517,5年生
宗,6497,6年生
環,6474,中学校
専,6463,6年生
洋,6452,3年生
松,6441,4年生
像,6434,5年生
衛,6424,5年生
識,6396,5年生
港,6366,3年生
河,6360,5年生
親,6349,2年生
四,6342,1年生
投,6339,3年生
失,6335,4年生
店,6324,2年生
検,6322,5年生
評,6277,5年生
銀,6251,3年生
将,6243,6年生
漫,6239,中学校
省,6232,4年生
今,6219,2年生
防,6201,5年生
寺,6160,2年生
千,6138,1年生
追,6136,3年生
園,6131,2年生
足,6118,1年生
火,6115,1年生
根,6088,3年生
横,6080,3年生
端,6077,中学校
証,6076,5年生
催,6074,中学校
測,6061,5年生
満,6027,4年生
歴,6015,4年生
令,5992,4年生
男,5982,1年生
氏,5975,4年生
職,5959,5年生
輸,5932,5年生
階,5931,3年生
央,5918,3年生
処,5914,6年生
違,5902,中学校
仕,5850,3年生
読,5837,2年生
策,5830,6年生
推,5802,6年生
落,5789,3年生
美,5785,3年生
郎,5764,中学校
熱,5741,4年生
告,5716,4年生
藤,5698,
越,5690,中学校
扱,5680,中学校
描,5666,中学校
宇,5644,6年生
衆,5640,6年生
敗,5623,4年生
則,5591,5年生
崎,5586,中学校
陽,5586,3年生
岡,5565,
適,5553,5年生
遺,5543,6年生
津,5536,中学校
担,5531,6年生
誌,5505,6年生
密,5499,6年生
何,5495,2年生
補,5463,6年生
占,5460,中学校
写,5452,3年生
互,5433,中学校
去,5374,3年生
航,5337,4年生
座,5334,6年生
谷,5330,2年生
略,5299,5年生
辺,5284,4年生
典,5279,4年生
歳,5276,中学校
徴,5272,中学校
創,5233,6年生
渡,5228,中学校
声,5225,2年生
福,5205,3年生
企,5194,中学校
雑,5170,5年生
旅,5146,3年生
節,5127,4年生
飛,5114,4年生
刊,5104,5年生
師,5103,5年生
護,5103,5年生
母,5089,2年生
超,5067,中学校
愛,5053,4年生
返,5045,3年生
拡,5044,6年生
破,5044,5年生
幕,5037,6年生
船,5036,2年生
材,5028,4年生
席,5026,4年生
項,4970,中学校
修,4942,5年生
好,4932,4年生
貨,4923,4年生
軌,4921,中学校
費,4919,4年生
角,4914,2年生
帰,4884,2年生
因,4871,5年生
室,4863,2年生
幹,4826,5年生
仏,4826,5年生
券,4814,5年生
販,4798,中学校
囲,4794,4年生
働,4787,4年生
監,4778,中学校
了,4775,中学校
順,4767,4年生
伴,4766,中学校
短,4762,3年生
並,4760,6年生
植,4760,3年生
織,4748,5年生
層,4738,6年生
農,4721,3年生
級,4713,3年生
快,4706,5年生
盟,4699,6年生
負,4699,3年生
五,4690,1年生
深,4688,3年生
劇,4678,6年生
悪,4661,3年生
青,4649,1年生
乱,4644,6年生
易,4617,5年生
拠,4606,中学校
守,4600,3年生
助,4595,3年生
抗,4593,中学校
赤,4585,1年生
逆,4573,5年生
固,4562,4年生
注,4547,3年生
延,4529,6年生
殺,4526,4年生
司,4525,4年生
黒,4522,2年生
委,4515,3年生
裁,4486,6年生
射,4475,6年生
漢,4475,3年生
父,4475,2年生
具,4458,3年生
蔵,4457,6年生
為,4456,中学校
精,4409,5年生
伊,4402,
仮,4401,5年生
左,4388,1年生
併,4383,中学校
紙,4381,2年生
革,4377,6年生
岸,4375,3年生
富,4373,5年生
病,4364,3年生
聞,4355,2年生
籍,4346,中学校
許,4332,5年生
右,4320,1年生
未,4315,4年生
郡,4284,4年生
労,4253,4年生
盛,4250,6年生
浜,4245,中学校
吉,4235,中学校
訳,4233,6年生
留,4226,5年生
介,4221,中学校
巻,4219,6年生
振,4213,中学校
核,4209,中学校
督,4208,中学校
沢,4177,中学校
徳,4170,5年生
聖,4153,6年生
至,4150,6年生
札,4141,4年生
街,4138,4年生
築,4132,5年生
途,4124,中学校
混,4122,5年生
替,4115,中学校
磁,4114,6年生
障,4108,6年生
闘,4092,中学校
興,4078,5年生
壊,4058,中学校
群,4053,5年生
宙,4023,6年生
臣,4019,4年生
奏,4018,6年生
翌,4017,6年生
藩,4004,中学校
暦,3994,中学校
似,3993,5年生
八,3984,1年生
印,3982,4年生
布,3978,5年生
給,3970,4年生
花,3959,1年生
寄,3949,5年生
夜,3936,2年生
億,3924,4年生
博,3924,4年生
医,3905,3年生
較,3904,中学校
概,3900,中学校
絶,3897,5年生
清,3894,4年生
激,3888,6年生
憲,3886,6年生
援,3849,中学校
滅,3847,中学校
幅,3844,中学校
夫,3840,4年生
毎,3836,2年生
薬,3831,3年生
習,3808,3年生
距,3784,中学校
宿,3776,3年生
望,3735,4年生
功,3733,4年生
突,3714,中学校
均,3713,5年生
私,3703,6年生
早,3695,1年生
察,3693,4年生
歩,3686,2年生
弾,3676,中学校
休,3664,1年生
佐,3658,中学校
欧,3645,中学校
鮮,3640,中学校
若,3640,6年生
芸,3638,4年生
承,3630,5年生
就,3623,6年生
池,3620,2年生
圏,3614,中学校
便,3612,4年生
盤,3611,中学校
掲,3607,中学校
律,3605,6年生
沿,3586,6年生
華,3552,中学校
散,3547,4年生
板,3545,3年生
久,3541,5年生
財,3536,5年生
額,3513,5年生
候,3511,4年生
景,3493,4年生
況,3491,中学校
筆,3489,3年生
被,3481,中学校
遠,3481,2年生
林,3471,1年生
居,3455,5年生
搭,3444,中学校
獲,3436,中学校
艦,3430,中学校
縮,3390,6年生
待,3372,3年生
頼,3349,中学校
春,3347,2年生
庁,3344,6年生
批,3342,6年生
血,3338,3年生
宣,3334,6年生
株,3329,6年生
閣,3308,6年生
湾,3306,中学校
爆,3293,中学校
尾,3289,中学校
範,3286,中学校
永,3286,5年生
秋,3278,2年生
亡,3277,6年生
刑,3264,中学校
章,3261,3年生
豊,3260,5年生
禁,3258,5年生
傾,3251,中学校
故,3241,5年生
邦,3237,中学校
塩,3234,4年生
純,3232,6年生
輪,3224,4年生
志,3198,5年生
舞,3193,中学校
覚,3189,4年生
警,3186,6年生
否,3172,6年生
九,3154,1年生
操,3151,6年生
避,3138,中学校
冷,3125,4年生
軽,3124,3年生
砲,3118,中学校
徒,3084,4年生
震,3083,中学校
液,3079,5年生
森,3053,1年生
詳,3050,中学校
険,3041,5年生
庫,3038,3年生
甲,3026,中学校
草,3022,1年生
弟,3018,2年生
岩,2999,2年生
絵,2989,2年生
泉,2984,6年生
税,2974,5年生
倉,2961,4年生
宝,2954,6年生
跡,2946,中学校
執,2931,中学校
維,2929,中学校
撮,2886,中学校
康,2884,4年生
雄,2882,中学校
依,2868,中学校
友,2868,2年生
厳,2867,6年生
携,2861,中学校
羽,2858,2年生
養,2857,4年生
胞,2848,中学校
賀,2844,5年生
療,2838,中学校
夏,2838,2年生
百,2834,1年生
塚,2805,中学校
六,2805,1年生
詞,2783,6年生
玉,2783,1年生
釈,2782,中学校
臨,2780,6年生
背,2775,6年生
倍,2767,3年生
戻,2765,中学校
脱,2755,中学校
週,2753,2年生
折,2746,4年生
抜,2743,中学校
倒,2740,中学校
既,2734,中学校
鳥,2726,2年生
秀,2722,中学校
燃,2709,5年生
敵,2705,5年生
善,2699,6年生
焼,2695,4年生
融,2690,中学校
韓,2674,
契,2662,中学校
刻,2657,6年生
遊,2654,3年生
姿,2649,6年生
濃,2647,中学校
伸,2644,中学校
ヶ,2639,
児,2618,4年生
服,2608,3年生
魔,2605,中学校
危,2602,6年生
奈,2595,
侵,2593,中学校
宅,2582,6年生
捕,2574,中学校
婚,2573,中学校
辞,2572,4年生
講,2571,5年生
析,2567,中学校
油,2558,3年生
討,2556,6年生
枚,2553,6年生
閉,2551,6年生
昇,2534,中学校
余,2534,5年生
祭,2525,3年生
微,2523,中学校
摩,2519,中学校
簡,2512,6年生
哲,2494,中学校
荷,2480,3年生
災,2469,5年生
授,2460,5年生
弱,2454,2年生
崩,2446,中学校
罪,2446,5年生
唱,2444,4年生
勤,2439,6年生
覧,2433,6年生
副,2423,4年生
納,2422,6年生
絡,2416,中学校
底,2413,4年生
遅,2409,中学校
訪,2403,6年生
堂,2394,4年生
績,2389,5年生
暗,2388,3年生
困,2383,6年生
買,2383,2年生
摘,2378,中学校
岐,2377,中学校
巨,2376,中学校
肉,2374,2年生
祖,2372,5年生
課,2357,4年生
貴,2354,6年生
季,2348,4年生
症,2345,中学校
曜,2345,2年生
黄,2342,2年生
探,2341,6年生
誤,2338,6年生
致,2334,中学校
欠,2328,4年生
静,2326,4年生
審,2322,中学校
択,2321,中学校
駆,2307,中学校
雨,2305,1年生
掛,2300,中学校
請,2295,中学校
談,2293,3年生
揮,2290,6年生
到,2288,中学校
躍,2288,中学校
庭,2283,3年生
押,2280,中学校
繰,2278,中学校
架,2277,中学校
湖,2272,3年生
忠,2249,6年生
触,2241,中学校
献,2227,中学校
晶,2227,中学校
片,2207,6年生
唯,2200,中学校
丸,2200,2年生
誕,2196,6年生
老,2195,4年生
襲,2188,中学校
練,2174,3年生
息,2164,3年生
酒,2159,3年生
妻,2156,5年生
栄,2153,4年生
→,2150,
撤,2146,中学校
排,2145,中学校
迎,2144,中学校
健,2143,4年生
樹,2140,6年生
坂,2138,3年生
房,2134,中学校
魚,2123,2年生
詩,2120,3年生
吸,2107,6年生
犯,2097,5年生
敷,2079,中学校
賃,2077,6年生
隣,2073,中学校
七,2070,1年生
訴,2068,中学校
苦,2068,3年生
之,2068,
陣,2066,中学校
浦,2063,中学校
軸,2063,中学校
益,2054,5年生
申,2043,3年生
　,2037,
沖,2034,中学校
狭,2031,中学校
械,2022,4年生
粒,2016,中学校
鉱,2015,5年生
雪,2010,2年生
答,2009,2年生
聴,1990,中学校
香,1989,中学校
踏,1987,中学校
炭,1980,3年生
締,1970,中学校
疑,1970,6年生
隔,1969,中学校
束,1969,4年生
針,1966,6年生
冬,1962,2年生
里,1962,2年生
序,1961,5年生
舎,1958,5年生
慣,1953,5年生
払,1952,中学校
免,1937,中学校
君,1936,3年生
脈,1932,4年生
譲,1926,中学校
削,1924,中学校
砂,1924,6年生
棋,1923,中学校
蒸,1920,6年生
票,1917,4年生
兄,1917,2年生
染,1910,6年生
仙,1905,中学校
誘,1901,中学校
卒,1897,4年生
損,1895,5年生
瀬,1891,中学校
惑,1890,中学校
孫,1890,4年生
遣,1886,中学校
唐,1883,中学校
衝,1881,中学校
双,1881,中学校
傷,1878,6年生
騎,1873,中学校
陰,1857,中学校
還,1853,中学校
征,1851,中学校
願,1843,4年生
露,1841,中学校
索,1832,中学校
奪,1817,中学校
我,1817,6年生
弁,1817,5年生
慮,1806,中学校
毛,1801,2年生
鎖,1800,中学校
骨,1799,6年生
縁,1798,中学校
溶,1797,中学校
抵,1794,中学校
銅,1785,5年生
礼,1783,3年生
抑,1781,中学校
貫,1775,中学校
俗,1769,中学校
充,1766,中学校
却,1766,中学校
殊,1762,中学校
齢,1760,中学校
裏,1747,6年生
購,1739,中学校
縄,1719,中学校
即,1716,中学校
窓,1711,6年生
殿,1708,中学校
壁,1707,中学校
繁,1704,中学校
亜,1703,中学校
耐,1703,中学校
阿,1702,
茶,1701,2年生
飲,1699,3年生
儀,1698,中学校
緩,1693,中学校
奥,1683,中学校
喜,1682,4年生
招,1670,5年生
網,1665,中学校
慶,1646,中学校
郷,1638,6年生
～,1634,
干,1620,6年生
渉,1612,中学校
逃,1608,中学校
“,1599,
尊,1597,6年生
仲,1595,4年生
雲,1592,2年生
梅,1591,4年生
秒,1591,3年生
威,1589,中学校
幾,1588,中学校
稿,1585,中学校
剤,1585,中学校
緑,1585,3年生
符,1584,中学校
兼,1582,中学校
紹,1578,中学校
竹,1575,1年生
脳,1563,6年生
秘,1562,6年生
柔,1560,中学校
仰,1559,中学校
丘,1556,中学校
浅,1556,4年生
皮,1552,3年生
午,1542,2年生
須,1540,
巡,1537,中学校
包,1534,4年生
脚,1533,中学校
裂,1530,中学校
厚,1528,5年生
怪,1517,中学校
枠,1516,中学校
責,1516,5年生
奇,1512,中学校
芝,1511,中学校
暴,1509,5年生
該,1507,中学校
夕,1504,1年生
敬,1503,6年生
×,1495,
廷,1493,中学校
往,1492,5年生
豆,1491,3年生
恐,1489,中学校
弦,1489,中学校
箱,1484,3年生
礎,1481,中学校
沼,1479,中学校
雷,1478,中学校
救,1470,4年生
冠,1457,中学校
隠,1449,中学校
径,1446,4年生
借,1441,4年生
没,1438,中学校
刷,1428,4年生
仁,1425,6年生
鹿,1421,
虫,1420,1年生
抱,1419,中学校
滞,1419,中学校
翻,1418,中学校
駒,1413,
酵,1411,中学校
霊,1410,
潟,1409,中学校
希,1407,4年生
浮,1406,中学校
陥,1403,中学校
幸,1401,3年生
銃,1389,中学校
己,1389,6年生
棄,1385,中学校
緯,1384,中学校
稲,1381,中学校
封,1378,中学校
幼,1371,6年生
硬,1364,中学校
飾,1363,中学校
麻,1359,中学校
鎌,1349,
乳,1345,6年生
賛,1338,5年生
丁,1337,3年生
縦,1336,6年生
摂,1335,中学校
竜,1335,中学校
翼,1329,中学校
培,1325,中学校
媒,1323,中学校
握,1320,中学校
轄,1317,中学校
娘,1312,中学校
牛,1312,2年生
桜,1311,5年生
需,1309,中学校
顕,1306,中学校
埋,1302,中学校
荒,1302,中学校
掘,1302,中学校
貿,1301,5年生
爵,1300,中学校
熊,1294,
憶,1285,中学校
郊,1284,中学校
菌,1284,中学校
薄,1271,中学校
氷,1265,3年生
伏,1260,中学校
○,1255,
彦,1254,
床,1250,中学校
奉,1248,中学校
拒,1243,中学校
龍,1242,
湯,1239,3年生
債,1238,中学校
寿,1237,中学校
託,1235,中学校
隆,1232,中学校
括,1229,中学校
鉛,1225,中学校
駐,1224,中学校
頻,1224,中学校
毒,1213,4年生
羅,1210,中学校
顔,1208,2年生
眼,1207,5年生
鈴,1206,中学校
徐,1203,中学校
栽,1203,中学校
迫,1202,中学校
旗,1198,4年生
訓,1197,4年生
吹,1192,中学校
漁,1187,4年生
恵,1184,中学校
牧,1184,4年生
遂,1183,中学校
透,1174,中学校
童,1174,3年生
銭,1172,5年生
埼,1171,
柄,1170,中学校
岳,1169,中学校
紛,1166,中学校
塗,1162,中学校
粉,1160,4年生
姓,1153,中学校
丹,1150,中学校
頂,1144,6年生
郵,1142,6年生
豪,1141,中学校
塁,1140,中学校
劣,1135,中学校
寛,1135,中学校
杉,1132,中学校
如,1131,中学校
繋,1131,
筋,1129,6年生
遷,1127,中学校
矢,1127,2年生
…,1126,
浄,1121,中学校
患,1121,中学校
飯,1120,4年生
滑,1118,中学校
夷,1109,
衰,1108,中学校
僚,1106,中学校
函,1106,
炎,1104,中学校
謀,1098,中学校
硫,1097,中学校
偽,1096,中学校
舗,1096,中学校
貢,1096,中学校
昼,1096,2年生
随,1094,中学校
袋,1089,中学校
智,1088,
拝,1087,6年生
偏,1086,中学校
署,1085,6年生
沈,1083,中学校
箇,1081,中学校
殖,1081,中学校
促,1078,中学校
柱,1077,3年生
冒,1075,中学校
幣,1072,中学校
灯,1071,4年生
綱,1062,中学校
募,1060,中学校
渋,1060,中学校
勧,1057,中学校
夢,1057,5年生
僧,1055,中学校
幌,1053,
寒,1052,3年生
戒,1045,中学校
潜,1045,中学校
洲,1043,
恋,1040,中学校
潮,1035,6年生
償,1034,中学校
刺,1033,中学校
祝,1032,4年生
桁,1031,
添,1030,中学校
鋼,1030,6年生
〈,1027,
〉,1027,
玄,1025,中学校
俳,1024,6年生
※,1023,
句,1019,5年生
剣,1017,中学校
弘,1017,
扉,1015,中学校
旋,1013,中学校
旨,1013,中学校
嫌,1007,中学校
珍,1006,中学校
塔,1000,中学校
鏡,992,4年生
獣,991,中学校
又,987,中学校
奴,981,中学校
譜,979,中学校
洗,978,6年生
才,976,2年生
℃,976,
徹,973,中学校
乾,971,中学校
鳴,969,2年生
誉,967,中学校
衣,963,4年生
畿,963,
弥,962,
膜,960,中学校
姫,960,中学校
鬼,958,中学校
墓,958,5年生
雇,956,中学校
秩,956,中学校
誰,956,
詰,955,中学校
趣,950,中学校
恒,950,中学校
葬,946,中学校
彩,945,中学校
暖,940,6年生
貧,939,5年生
貸,939,5年生
鍵,937,
罰,936,中学校
覆,933,中学校
磐,933,
裕,932,中学校
挿,928,中学校
亀,923,
笑,922,4年生
揚,917,中学校
鶴,917,
緒,915,中学校
怒,915,中学校
診,912,中学校
茂,910,中学校
緊,907,中学校
悲,899,3年生
膨,898,中学校
熟,896,6年生
抽,893,中学校
斜,892,中学校
騒,890,中学校
晴,887,2年生
鎮,886,中学校
旬,885,中学校
歯,885,3年生
欲,884,6年生
寝,883,中学校
伯,882,中学校
妹,882,2年生
浴,880,4年生
犬,879,1年生
贈,874,中学校
孝,874,6年生
蓄,868,中学校
撲,868,中学校
晩,868,6年生
輝,867,中学校
挑,864,中学校
迷,864,5年生
措,863,中学校
冊,862,6年生
那,856,
飼,853,5年生
 ,852,
痛,850,6年生
脂,844,中学校
湿,842,中学校
宋,842,
偶,839,中学校
杯,839,中学校
暮,836,6年生
捜,835,中学校
謝,835,5年生
薩,829,
顧,821,中学校
努,818,4年生
，,817,
堀,816,中学校
閏,816,
拳,814,
衡,813,中学校
泳,811,3年生
捉,810,
懸,808,中学校
菜,808,4年生
妙,807,中学校
卵,807,6年生
挟,806,中学校
汚,804,中学校
擁,802,中学校
掌,801,中学校
尺,801,6年生
荘,799,中学校
孔,797,中学校
紅,797,6年生
届,797,6年生
拓,792,中学校
勃,792,
淡,791,中学校
覇,790,中学校
紫,789,中学校
預,788,5年生
陵,787,中学校
遇,785,中学校
噴,779,中学校
狩,778,中学校
奨,776,中学校
稼,771,中学校
粋,770,中学校
逮,769,中学校
賢,769,中学校
澤,761,
偵,759,中学校
駿,758,
腕,755,中学校
鑑,755,中学校
煙,755,中学校
肥,752,5年生
姉,752,2年生
崇,751,中学校
盗,750,中学校
麗,741,中学校
柳,741,中学校
耳,741,1年生
塞,739,
捨,732,6年生
腹,732,6年生
浸,731,中学校
貞,731,中学校
狙,730,
腐,729,中学校
阻,728,中学校
朱,728,中学校
勇,719,4年生
誇,717,中学校
臓,717,6年生
眠,716,中学校
斉,710,中学校
泊,709,中学校
墳,707,中学校
棒,704,6年生
祥,702,中学校
枝,702,5年生
婦,702,5年生
李,700,
菱,699,
窒,697,中学校
隷,695,中学校
也,695,
輩,694,中学校
柏,693,
盾,692,中学校
穴,692,6年生
剰,691,中学校
后,691,6年生
殻,684,中学校
看,684,6年生
糖,680,6年生
磨,679,中学校
湘,675,
悩,670,中学校
尽,669,中学校
軟,668,中学校
旦,665,
嘉,663,
励,662,中学校
逸,658,中学校
耕,658,5年生
拍,657,中学校
盆,656,中学校
昧,656,
瞬,653,中学校
訟,653,中学校
傍,653,中学校
峰,652,中学校
垂,652,6年生
尼,651,中学校
糸,648,1年生
汎,648,
恩,645,5年生
阜,645,
峡,641,中学校
擬,640,中学校
侯,639,中学校
尚,639,中学校
辛,638,中学校
珠,638,中学校
訂,637,中学校
零,637,中学校
邸,635,中学校
涯,634,中学校
鋳,634,中学校
搬,630,中学校
虚,628,中学校
踊,626,中学校
勾,626,
彗,624,
曹,622,中学校
刀,621,2年生
肝,617,中学校
兆,617,4年生
雅,613,中学校
誠,613,6年生
麦,612,2年生
俊,611,中学校
桂,611,
喫,610,中学校
玩,609,
禄,608,
幡,608,
髪,601,中学校
彫,600,中学校
銘,597,中学校
昔,596,3年生
狂,595,中学校
梁,595,
拘,593,中学校
但,593,中学校
屈,592,中学校
穀,592,6年生
燥,591,中学校
溝,591,中学校
艇,590,中学校
斗,589,中学校
呂,589,
卓,588,中学校
筑,587,
矛,585,中学校
孤,583,中学校
暫,581,中学校
蒲,581,
獄,579,中学校
悟,579,中学校
灰,579,6年生
遍,578,中学校
剛,576,中学校
播,576,
笠,575,
宰,574,中学校
畑,574,3年生
曖,574,
猛,573,中学校
鯨,570,中学校
―,570,
斎,567,中学校
昌,567,
筒,566,中学校
遮,565,中学校
菊,563,中学校
枢,563,中学校
勅,563,中学校
叙,562,中学校
栗,562,
垣,561,中学校
驚,561,中学校
寸,560,6年生
揺,559,中学校
脇,559,
脅,557,中学校
堅,557,中学校
粘,551,中学校
附,551,中学校
戯,551,中学校
牽,551,
漠,550,中学校
桃,550,中学校
逐,550,中学校
梨,550,
寮,549,中学校
洞,549,中学校
呈,547,中学校
酷,547,中学校
禅,545,中学校
烈,542,中学校
疾,542,中学校
曽,541,
畜,540,中学校
羊,540,3年生
皆,539,中学校
貯,537,4年生
揃,537,
諾,536,中学校
虎,536,
甘,535,中学校
凍,533,中学校
彰,533,中学校
乏,531,中学校
浪,531,中学校
儒,529,中学校
啓,528,中学校
蘇,528,
貼,527,
菩,527,
循,525,中学校
薦,525,中学校
懐,524,中学校
堺,524,
琉,523,
肩,522,中学校
稀,521,
倫,519,中学校
幻,519,中学校
慎,517,中学校
魂,514,中学校
蝦,514,
履,513,中学校
坊,512,中学校
妨,508,中学校
勲,507,中学校
繊,506,中学校
雀,502,
沸,500,中学校
α,497,
舟,495,中学校
遭,494,中学校
吾,493,
宜,491,中学校
黙,490,中学校
卿,490,
／,489,
匠,488,中学校
滝,487,中学校
伐,487,中学校
弓,487,2年生
敏,486,中学校
芳,486,中学校
絞,486,中学校
栃,486,
碑,484,中学校
是,484,中学校
舶,482,中学校
鼻,482,3年生
纂,481,
怖,479,中学校
倣,475,中学校
邪,475,中学校
倭,475,
帳,474,3年生
猫,473,中学校
芽,473,4年生
虐,472,中学校
慢,469,中学校
炉,469,中学校
傘,468,中学校
克,467,中学校
蓮,466,
塾,465,中学校
控,465,中学校
掃,465,中学校
讃,465,
遡,464,
隻,463,中学校
祀,463,
庄,462,
辰,462,
泰,461,中学校
錬,461,中学校
尋,460,中学校
潤,460,中学校
宛,459,
把,458,中学校
綴,458,
蘭,458,
峠,457,中学校
忍,456,中学校
浩,456,
巣,454,4年生
陀,451,
凝,449,中学校
臭,448,中学校
釜,448,
呉,447,中学校
践,447,中学校
尉,446,中学校
祈,445,中学校
胸,445,6年生
條,444,
秦,444,
享,443,中学校
謡,443,中学校
唆,441,中学校
貝,441,1年生
庶,440,中学校
妥,438,中学校
嵐,438,
祉,437,中学校
錯,436,中学校
篇,435,
葛,435,
é,434,
疎,433,中学校
犠,433,中学校
嶋,433,
閥,432,中学校
肺,432,6年生
於,430,
疫,429,中学校
焦,427,中学校
閲,426,中学校
呪,426,
鋭,425,中学校
迦,425,
僕,424,中学校
淀,423,
魅,422,中学校
殆,422,
漏,420,中学校
癌,420,
茨,419,
披,418,中学校
紋,418,中学校
跨,417,
牲,416,中学校
誓,416,中学校
穂,415,中学校
軒,414,中学校
−,412,
斐,412,
忘,411,6年生
–,411,
偉,410,中学校
猟,406,中学校
洪,404,中学校
勉,404,3年生
糧,403,中学校
巧,402,中学校
冥,402,
蛍,401,中学校
据,400,中学校
丈,398,中学校
猪,398,
僅,397,
椎,396,
歓,395,中学校
ā,395,
彙,393,
乙,392,中学校
隅,392,中学校
釣,392,中学校
擦,391,中学校
暑,389,3年生
柴,389,
壇,388,中学校
喪,388,中学校
堤,387,中学校
綿,386,5年生
旭,386,
弧,385,中学校
准,385,中学校
侍,385,中学校
賊,383,中学校
洛,383,
蜂,380,
魏,377,
尻,376,
穫,375,中学校
壌,375,中学校
稚,373,中学校
妊,373,中学校
勘,372,中学校
朗,372,6年生
－,372,
腰,371,中学校
鴨,371,
匹,368,中学校
妖,368,
遼,368,
腸,366,4年生
綾,366,
烏,365,
虜,364,中学校
沙,364,
陳,363,中学校
赴,362,中学校
賭,362,
穏,361,中学校
泥,360,中学校
桑,359,中学校
國,356,
騰,355,中学校
帥,355,中学校
冪,355,
敦,354,
尿,353,中学校
郭,351,中学校
累,349,中学校
韻,347,中学校
宏,346,
篠,346,
賜,345,中学校
醸,345,中学校
胆,345,中学校
謎,344,
雰,339,中学校
跳,339,中学校
滋,339,中学校
淵,339,
蓋,338,
蒙,338,
肢,336,中学校
棟,336,中学校
廻,336,
厩,336,
輌,336,
疲,335,中学校
髄,334,中学校
輔,334,
μ,334,
忌,332,中学校
召,331,中学校
娯,330,中学校
泡,329,中学校
傑,326,中学校
菓,326,中学校
縛,326,中学校
枕,326,
柵,326,
昆,325,中学校
晋,325,
乃,325,
叩,325,
胡,325,
\,324,
墜,323,中学校
蛇,322,中学校
劉,321,
麓,320,
籠,320,
班,319,6年生
錐,319,
吐,318,中学校
惨,318,中学校
耗,318,中学校
鷹,318,
腫,318,
妃,317,中学校
窮,317,中学校
･,317,
睡,316,中学校
煮,315,中学校
飽,315,中学校
牡,314,
磯,312,
咲,311,中学校
廉,311,中学校
慈,311,中学校
駄,311,中学校
諭,308,中学校
陶,308,中学校
椅,308,
硝,307,中学校
潔,307,5年生
凱,307,
斬,305,
壮,304,中学校
缶,304,中学校
噂,304,
扇,303,中学校
蹴,302,
填,301,
苗,300,中学校
朽,299,中学校
墨,297,中学校
琵,297,
琶,297,
堆,297,
粛,296,中学校
肪,296,中学校
β,296,
菅,296,
賠,295,中学校
嘆,294,中学校
謙,294,中学校
砕,293,中学校
剥,293,
叔,292,中学校
肖,292,中学校
奮,292,6年生
錦,292,
亭,291,中学校
淳,290,
辻,290,
萩,287,
猿,286,中学校
刃,286,中学校
脆,286,
簿,285,中学校
樺,285,
鳩,285,
嶽,285,
塊,283,中学校
畳,283,中学校
綻,283,
楕,283,
拾,282,3年生
闇,281,
骸,280,
梶,279,
媛,279,
隙,276,
棚,275,中学校
倶,274,
租,273,中学校
叡,273,
卑,272,中学校
翔,272,
栖,272,
嫡,271,中学校
澄,270,中学校
汁,269,中学校
粗,269,中学校
藝,269,
涼,268,中学校
囚,268,中学校
瓶,268,中学校
欄,267,中学校
暇,266,中学校
《,266,
》,265,
胴,264,中学校
孟,264,
哺,264,
挫,263,
歪,263,
寧,262,中学校
肯,262,中学校
懲,262,中学校
餌,262,
侶,261,
貌,259,
敢,258,中学校
漬,258,中学校
俵,258,5年生
痕,258,
槻,257,
伽,255,
霞,254,
舌,253,5年生
詣,253,
笛,252,3年生
諦,252,
朴,251,中学校
鼓,251,中学校
詠,249,中学校
慰,249,中学校
吏,249,中学校
吊,249,
鞍,248,
枯,247,中学校
慌,246,中学校
潰,246,
叫,245,中学校
鍛,245,中学校
酢,244,中学校
酔,244,中学校
伎,244,
凡,243,中学校
頒,243,中学校
帽,243,中学校
嶺,242,
汽,241,2年生
抄,240,中学校
醍,240,
賄,239,中学校
醐,239,
芥,238,
祐,237,
俺,237,
牝,237,
莫,236,
弊,234,中学校
匁,234,中学校
渦,233,中学校
霧,233,中学校
漂,233,中学校
岬,232,中学校
庵,232,
諏,232,
酬,231,中学校
煩,231,中学校
°,231,
涙,230,中学校
遥,230,
捧,230,
脊,230,
橿,230,
凶,229,中学校
膚,229,中学校
坦,229,
竣,229,
茎,228,中学校
碁,228,中学校
濁,227,中学校
裸,227,中学校
鶏,226,中学校
濯,225,中学校
嫁,225,中学校
ا,225,
詔,224,中学校
｢,224,
屯,223,中学校
喩,223,
頓,223,
辿,222,
樽,222,
飢,221,中学校
黎,221,
謳,220,
盲,219,中学校
匿,219,中学校
瑞,219,
鍋,219,
筐,219,
疆,219,
姻,218,中学校
朔,218,
傭,217,
胃,216,4年生
ヵ,216,
鳳,216,
睦,216,
窟,215,
畠,215,
頁,215,
汲,214,
諮,213,中学校
鐘,213,中学校
甚,211,中学校
幽,211,中学校
佳,211,中学校
篤,211,中学校
｣,211,
炊,210,中学校
渓,209,中学校
瓦,209,
槍,209,
芦,209,
濫,208,中学校
胎,208,中学校
焉,208,
峨,208,
萌,207,
粟,207,
悼,206,中学校
☆,206,
慧,206,
鰭,206,
頑,205,中学校
泣,204,4年生
應,204,
戚,204,
嵯,204,
遽,204,
恭,203,中学校
芯,203,
雌,202,中学校
而,202,
嗣,201,中学校
閑,201,中学校
豚,201,中学校
忙,201,中学校
棲,201,
灘,200,
宴,199,中学校
稽,199,
灌,199,
袖,198,
藻,197,中学校
礁,197,中学校
坑,196,中学校
溜,196,
昨,195,4年生
皿,195,3年生
疇,195,
汰,195,
窪,194,
槽,193,中学校
泌,193,中学校
琴,193,中学校
苑,193,
曾,193,
剖,192,中学校
塵,192,
榎,192,
撰,191,
憂,190,中学校
眺,190,中学校
唄,190,
斯,190,
砦,190,
婆,189,中学校
愚,189,中学校
隈,189,
迅,188,中学校
腺,188,
楠,188,
癒,187,中学校
悔,187,中学校
絹,187,6年生
賑,187,
戊,187,
桐,187,
汗,186,中学校
凌,186,
廟,186,
湊,186,
或,185,
耶,185,
麹,185,
卦,185,
憧,184,
瘍,184,
馴,184,
攘,184,
粧,183,中学校
蔽,183,
冗,182,中学校
蔑,182,
橘,182,
蒋,182,
λ,181,
靖,181,
臼,181,
曇,180,中学校
辱,180,中学校
哉,180,
稜,180,
醤,180,
肌,179,中学校
惧,179,
斥,178,中学校
桶,178,
諱,177,
扶,176,中学校
狼,176,
碓,176,
牙,175,
戴,175,
鐵,175,
娠,174,中学校
喚,174,中学校
嶼,174,
拉,174,
揶,174,
揄,174,
懇,173,中学校
俸,173,中学校
尖,173,
荻,173,
滴,172,中学校
凸,171,中学校
裔,171,
餓,170,中学校
巳,170,
坪,169,中学校
膝,169,
瞭,169,
聘,169,
亮,169,
寇,169,
蛋,169,
猶,168,中学校
‐,168,
亘,168,
麺,168,
逗,168,
輛,168,
汐,167,
挨,165,
拶,165,
曝,165,
靴,164,中学校
迂,164,
湧,164,
揆,163,
榜,162,
ī,162,
云,162,
箕,162,
哀,161,中学校
蛮,161,中学校
搾,161,中学校
隋,161,
畔,160,中学校
ε,160,
漸,159,中学校
逝,159,中学校
鞭,159,
晦,158,
藍,158,
渕,157,
唇,156,中学校
笹,156,
鷲,156,
庇,155,
‰,155,
舵,155,
顎,155,
趙,155,
鵬,155,
槃,154,
憎,153,中学校
騨,153,
捻,153,
恥,152,中学校
渇,152,中学校
奔,152,中学校
爾,152,
萬,152,
恨,151,中学校
涅,151,
匈,151,
鈍,150,中学校
纏,150,
欺,149,中学校
紳,149,中学校
峙,149,
腎,149,
款,148,中学校
廊,148,中学校
升,148,中学校
梱,148,
俣,148,
伺,147,中学校
赦,147,中学校
喧,147,
褐,146,中学校
梵,146,
貰,146,
寅,146,
△,146,
寡,145,中学校
寂,145,中学校
憤,145,中学校
惜,145,中学校
婿,145,中学校
曳,145,
燕,145,
糾,144,中学校
【,144,
曰,144,
π,144,
嬢,143,中学校
抹,143,中学校
箏,143,
】,143,
茅,143,
鉢,142,中学校
帆,142,中学校
賦,141,中学校
篆,141,
溢,141,
做,139,
其,139,
嗜,139,
譚,139,
甥,139,
桓,139,
机,138,6年生
牟,138,
螺,138,
刈,137,中学校
褒,137,中学校
牢,137,
φ,137,
凹,136,中学校
哨,136,
壬,136,
鸞,136,
緻,135,
腔,135,
崖,135,
∈,135,
暁,134,中学校
詐,134,中学校
〇,134,
錠,133,中学校
惹,133,
杜,133,
狗,133,
δ,132,
窺,131,
嚢,131,
γ,131,
璧,130,
殷,130,
楚,130,
壕,130,
ü,129,
堡,129,
榴,129,
毅,129,
吟,128,中学校
慕,128,中学校
漑,128,
醒,128,
ل,128,
鵜,128,
圭,128,
獅,128,
擢,128,
晃,128,
瑠,127,
惟,127,
按,127,
縫,126,中学校
峻,126,
蹄,126,
讐,126,
殴,125,中学校
巴,125,
傀,124,
儡,124,
祷,124,
袁,124,
遵,123,中学校
悠,123,中学校
卸,123,中学校
饉,123,
楊,123,
掴,123,
庚,123,
勒,123,
鄭,123,
紡,122,中学校
眞,122,
紐,122,
蜜,122,
帖,122,
罹,122,
薫,121,中学校
癖,121,中学校
楼,121,中学校
怠,121,中学校
壱,121,中学校
魯,121,
〔,121,
〕,121,
乞,121,
疏,121,
舜,121,
厄,120,中学校
祇,120,
股,119,
學,119,
衙,119,
冶,118,
瀧,118,
牌,118,
柿,117,
煽,117,
儲,117,
璃,117,
蕃,117,
釧,117,
爪,117,
霜,116,中学校
厥,116,
晒,116,
箔,116,
噛,116,
杖,116,
胚,115,
叶,115,
殉,114,中学校
σ,114,
虹,114,
侠,113,
丙,112,中学校
姦,112,
訛,111,
凄,111,
､,111,
嘘,111,
廠,111,
▲,111,
稔,111,
鱗,111,
庸,110,中学校
膠,110,
蔓,110,
裾,110,
冨,110,
惣,110,
糞,110,
茹,110,
斑,110,
堕,109,中学校
奄,109,
壺,109,
邑,109,
錫,109,
巫,108,
苛,108,
聡,108,
棺,107,中学校
氾,107,
餅,107,
梗,106,
鬱,106,
ي,106,
耽,106,
毘,106,
憑,106,
蕉,106,
喰,106,
ω,106,
楔,105,
站,105,
蝶,104,
á,104,
憩,103,中学校
芋,103,中学校
毀,103,
撫,103,
叉,103,
膳,103,
炒,103,
畷,103,
鎧,103,
薇,103,
弔,102,中学校
栓,102,中学校
檀,102,
梯,102,
沃,102,
ū,102,
巾,102,
鷺,102,
⇒,102,
陛,101,6年生
坐,101,
騙,101,
薔,101,
嚆,100,
諜,100,
砥,100,
隼,100,
胤,100,
駕,100,
肘,100,
瞑,100,
漆,99,中学校
瀕,99,
叛,99,
膣,99,
餐,98,
芭,98,
麟,98,
廣,98,
墾,97,中学校
侮,97,中学校
痴,97,中学校
璽,97,中学校
撥,97,
馳,97,
嘩,97,
梓,97,
鴻,97,
嘱,96,中学校
熾,96,
匂,96,
呑,96,
拭,96,
矩,96,
渥,95,
串,95,
喉,95,
堰,95,
紺,94,中学校
ن,94,
寵,94,
漱,94,
巌,94,
仔,94,
橙,94,
炸,94,
欽,93,
珪,93,
逢,93,
隕,93,
遙,93,
諡,93,
樟,93,
堪,92,中学校
謁,92,中学校
逓,92,中学校
秤,92,
踪,92,
挽,92,
鰻,92,
蜀,92,
洩,92,
閘,92,
拙,91,中学校
拐,91,中学校
耆,91,
轢,91,
聯,91,
溺,91,
姪,91,
雛,91,
熙,91,
悦,90,中学校
叱,90,
±,90,
痺,90,
窃,89,中学校
乖,89,
★,89,
犀,89,
朋,89,
舷,89,
塑,88,中学校
恣,88,
怨,88,
渤,88,
只,88,
丞,88,
摺,88,
．,88,
此,87,
葡,87,
²,87,
僑,87,
Δ,87,
奘,87,
賓,86,中学校
喘,86,
ρ,86,
斡,86,
蒼,86,
捏,86,
蚕,85,6年生
徽,85,
峯,85,
酪,84,中学校
麿,84,
邇,84,
邊,84,
淘,84,
采,84,
董,84,
喝,83,中学校
葦,83,
噌,83,
燈,83,
註,83,
撒,83,
亥,83,
丑,83,
繕,82,中学校
拗,82,
軋,82,
掻,82,
妬,82,
ä,82,
杵,82,
椿,82,
埴,82,
饋,82,
罷,81,中学校
醜,81,中学校
輿,81,
挺,81,
翠,81,
膵,81,
嵩,81,
鍮,81,
迹,81,
禍,80,中学校
綬,80,
榊,80,
旛,80,
鋒,80,
孵,80,
卜,80,
旺,79,
佑,79,
閤,79,
榛,79,
Ω,79,
殲,79,
盧,79,
熹,79,
畝,78,中学校
楯,78,
θ,78,
藁,78,
逼,78,
≠,78,
且,77,中学校
謹,77,中学校
檜,77,
允,77,
罠,77,
沌,77,
्,77,
濾,77,
翁,76,中学校
瞳,76,
諫,76,
扁,76,
［,76,
］,76,
捗,76,
寓,76,
蟹,76,
÷,76,
篭,76,
刹,76,
⇔,76,
妄,75,中学校
衷,75,中学校
迭,75,中学校
會,75,
遜,75,
矮,75,
罵,75,
′,75,
塹,75,
弐,74,中学校
珂,74,
κ,74,
樫,74,
紆,74,
轟,74,
煎,74,
郁,74,
碍,74,
≤,74,
宦,74,
窯,73,中学校
厭,73,
狐,73,
佛,73,
葵,73,
脩,73,
酉,73,
擲,73,
慨,72,中学校
斧,72,
م,72,
ر,72,
喋,72,
堵,72,
圓,72,
拮,72,
←,72,
尹,72,
噺,72,
矯,71,中学校
嚇,71,中学校
聚,71,
俘,71,
嫉,71,
渾,71,
穣,71,
扮,71,
皐,71,
·,71,
棹,70,
畏,70,
ö,70,
濠,70,
頸,70,
銚,70,
□,70,
濱,70,
靭,70,
禹,70,
舒,70,
諧,69,
柑,69,
亨,69,
揉,69,
爬,69,
剃,69,
團,69,
禽,69,
祚,69,
頌,69,
瑜,69,
斤,68,中学校
箸,68,
瓜,68,
勿,68,
于,68,
輻,68,
錆,67,
櫛,67,
蹟,67,
粕,67,
閃,67,
詮,67,
偈,67,
厘,66,中学校
塀,66,中学校
仇,66,
弄,66,
紗,66,
伍,66,
≒,66,
謬,66,
訶,66,
µ,66,
拷,65,中学校
誦,65,
贅,65,
礫,65,
爺,65,
雁,65,
嬉,65,
鯖,65,
泄,65,
弼,65,
痢,64,中学校
薪,64,中学校
劾,64,中学校
崗,64,
嘲,64,
舘,64,
琥,64,
鍼,64,
咽,64,
謂,64,
簒,64,
兎,64,
緋,64,
堯,64,
—,64,
俠,64,
杏,63,
趨,63,
綺,63,
卯,63,
樋,63,
鮎,63,
丼,63,
兜,63,
疵,63,
荼,62,
墟,62,
Ζ,62,
芒,62,
珀,61,
櫻,61,
萄,61,
濡,61,
爻,61,
蝋,60,
｡,60,
戮,60,
薙,60,
婢,60,
瑕,60,
ゞ,60,
鹵,60,
釘,59,
繹,59,
虔,59,
汝,59,
翡,59,
禰,59,
傳,59,
咸,59,
軛,59,
轍,59,
棘,58,
苔,58,
煕,58,
ο,58,
蝕,58,
冑,58,
浙,58,
贄,58,
愉,57,中学校
桟,57,中学校
娼,57,
煉,57,
掟,57,
酎,57,
賤,57,
鉾,57,
椒,57,
ν,57,
屏,57,
藏,57,
崔,57,
什,57,
兌,57,
襟,56,中学校
煌,56,
竄,56,
綜,56,
穢,56,
厨,56,
穿,56,
陝,56,
實,56,
隘,56,
悉,55,
漕,55,
è,55,
í,55,
雍,55,
髭,55,
埠,55,
竈,55,
曼,54,
ｍ,54,
痩,54,
茲,54,
蕎,54,
粥,54,
鋏,54,
縣,54,
溥,54,
梢,54,
冤,54,
賂,54,
萎,54,
鑽,54,
某,53,中学校
絆,53,
籾,53,
焚,53,
苫,53,
捌,53,
駁,53,
覗,53,
鄧,53,
妾,53,
惚,52,
鯉,52,
竪,52,
甫,52,
凋,52,
牒,52,
經,52,
杭,52,
痘,51,中学校
灸,51,
夭,51,
嘔,51,
嘗,51,
垢,51,
縞,51,
滓,51,
鰓,51,
鼠,51,
蹶,51,
萱,51,
錘,50,中学校
糠,50,
詫,50,
廿,50,
諺,50,
劫,50,
辣,50,
嗅,50,
ō,50,
ा,50,
彷,49,
屠,49,
躊,49,
躇,49,
擾,49,
叢,49,
贋,49,
奢,49,
戎,49,
袴,49,
拌,49,
鹸,49,
翅,49,
綏,49,
•,49,
Σ,48,
偲,48,
腱,48,
碧,48,
呆,48,
鍾,48,
傲,48,
●,48,
蒐,48,
♭,48,
臥,48,
臆,48,
鐐,48,
Ｗ,48,
哈,48,
淑,47,中学校
虞,47,中学校
巷,47,
稠,47,
彌,47,
禎,47,
媚,47,
巽,47,
貪,47,
寳,47,
ι,46,
埃,46,
蕩,46,
謗,46,
τ,46,
揖,46,
槌,46,
楳,46,
湛,46,
衍,46,
ب,46,
櫓,46,
陪,45,中学校
洒,45,
饗,45,
葺,45,
匡,45,
鴎,45,
蘆,45,
昏,45,
①,45,
筈,45,
赳,45,
蔡,45,
弩,45,
ƒ,45,
蚊,44,中学校
齋,44,
س,44,
荀,44,
鞘,44,
曙,44,
愕,44,
眉,44,
渚,44,
祢,44,
蜘,44,
蛛,44,
屑,44,
糊,44,
鰹,44,
旱,43,
僭,43,
蒔,43,
竺,43,
膏,43,
鮭,43,
邉,43,
靡,43,
髙,43,
柘,43,
襄,43,
憾,42,中学校
鼎,42,
ς,42,
宕,42,
繍,42,
爽,42,
篳,42,
篥,42,
箪,42,
斂,42,
套,42,
睨,42,
酌,41,中学校
飴,41,
ج,41,
魃,41,
錮,41,
拿,41,
♥,41,
訃,41,
喬,41,
釉,41,
②,41,
羲,41,
攪,41,
à,40,
‘,40,
嵌,40,
鮫,40,
涌,40,
煤,40,
頬,40,
讀,40,
裳,40,
贖,40,
托,40,
莢,40,
捲,40,
霖,39,
و,39,
ة,39,
抒,39,
跋,39,
懺,39,
玖,39,
宍,39,
魁,39,
狸,39,
憐,39,
毫,39,
掠,39,
誅,39,
Ⅱ,39,
莽,39,
蟄,39,
菖,39,
荊,38,
ē,38,
蔭,38,
彬,38,
剪,38,
檗,38,
綽,38,
圃,38,
淮,38,
脛,38,
ψ,38,
攣,38,
筮,38,
ː,38,
枇,38,
杷,38,
愁,37,中学校
晰,37,
ó,37,
婁,37,
誹,37,
姜,37,
狄,37,
疹,37,
砺,37,
薨,37,
淫,37,
這,37,
﨑,37,
玲,37,
磔,37,
璋,37,
袂,37,
ゝ,37,
祓,37,
र,37,
諒,37,
臀,37,
嬰,37,
鵠,37,
鉤,37,
暢,36,
遁,36,
俯,36,
邁,36,
濤,36,
蒜,36,
楢,36,
瓢,36,
訊,36,
捺,36,
聾,36,
鯛,36,
痙,36,
拼,36,
欣,36,
χ,36,
戟,36,
ك,36,
ʔ,36,
ξ,36,
倹,35,中学校
顛,35,
η,35,
妓,35,
稗,35,
肛,35,
咳,35,
燐,35,
凰,35,
鋸,35,
惠,35,
寶,35,
怯,35,
躯,35,
絃,35,
槇,35,
Γ,35,
綸,35,
徂,35,
鈔,35,
霍,35,
逍,34,
齟,34,
齬,34,
淋,34,
蓬,34,
茄,34,
檎,34,
姑,34,
閩,34,
昂,34,
馨,34,
∞,34,
肋,34,
■,34,
坤,34,
徠,34,
槙,34,
咎,34,
撹,34,
瓊,34,
脾,34,
י,34,
奸,34,
淆,33,
蛭,33,
韋,33,
尤,33,
祟,33,
甦,33,
僻,33,
囁,33,
د,33,
◇,33,
賈,33,
穎,33,
त,33,
饒,33,
已,32,
壷,32,
а,32,
彿,32,
甕,32,
紘,32,
狛,32,
芹,32,
罫,32,
艘,32,
荏,32,
櫃,32,
訣,31,
»,31,
絨,31,
瀋,31,
簾,31,
桿,31,
眩,31,
♪,31,
猥,31,
É,31,
輳,31,
喀,31,
鴉,31,
艮,31,
椀,31,
賽,31,
顆,31,
沓,31,
ح,31,
ś,31,
銑,30,中学校
棍,30,
頤,30,
冴,30,
藪,30,
餡,30,
渟,30,
薗,30,
न,30,
म,30,
閔,30,
猩,30,
翰,30,
弛,30,
Ø,30,
盃,30,
臏,30,
瞰,29,
Λ,29,
孕,29,
爛,29,
夙,29,
艶,29,
亢,29,
娶,29,
滸,29,
貶,29,
戌,29,
襷,29,
Φ,29,
芻,29,
椋,29,
肇,29,
麒,29,
祠,29,
顗,29,
Ψ,29,
毬,29,
莞,29,
ה,29,
蕨,29,
∀,29,
宵,28,中学校
惰,28,中学校
婉,28,
些,28,
ه,28,
н,28,
逞,28,
麾,28,
倦,28,
隧,28,
崑,28,
靱,28,
帷,28,
幀,28,
澱,28,
齧,28,
褪,28,
楷,28,
渠,28,
銖,28,
‖,28,
瀞,28,
胥,28,
朕,27,中学校
梟,27,
屍,27,
酋,27,
膿,27,
唾,27,
碗,27,
淹,27,
雉,27,
竿,27,
ع,27,
襖,27,
盂,27,
≧,27,
腿,27,
蹂,27,
躙,27,
憬,27,
š,27,
奎,27,
辟,27,
ˈ,27,
ə,27,
鶯,27,
莎,27,
ز,27,
癸,27,
∧,27,
ê,26,
─,26,
墺,26,
ç,26,
ï,26,
騏,26,
杢,26,
忽,26,
琢,26,
≥,26,
摯,26,
吠,26,
唖,26,
咫,26,
彪,26,
吻,26,
浚,26,
禮,26,
讒,26,
臍,26,
體,26,
埔,26,
鶻,26,
≪,26,
ق,26,
痰,26,
≡,26,
¬,26,
ñ,25,
瞞,25,
饅,25,
韮,25,
壽,25,
趾,25,
Å,25,
霰,25,
宥,25,
賎,25,
ṇ,25,
檄,25,
仗,25,
捷,24,
乎,24,
涵,24,
羹,24,
鏃,24,
鰐,24,
囃,24,
◎,24,
躁,24,
咄,24,
汪,24,
悶,24,
漉,24,
閾,24,
撞,24,
掩,24,
Ⅰ,24,
濟,24,
∼,24,
蝸,24,
獰,24,
ت,24,
莱,24,
蛯,24,
א,24,
∗,24,
雫,23,
ú,23,
珊,23,
俟,23,
幇,23,
裡,23,
爲,23,
茸,23,
廬,23,
稙,23,
螢,23,
與,23,
懿,23,
鞄,23,
③,23,
燭,23,
巖,23,
蛙,23,
鱒,23,
æ,23,
敲,23,
杣,23,
輯,23,
鞠,23,
滲,23,
箋,23,
姥,23,
鰾,23,
酊,23,
撈,23,
紇,23,
毯,22,
枡,22,
瑚,22,
蛸,22,
灼,22,
肴,22,
燻,22,
裟,22,
涜,22,
Α,22,
阮,22,
圀,22,
韶,22,
膀,22,
胱,22,
輓,22,
鯱,22,
〒,22,
誼,21,
澳,21,
и,21,
諌,21,
燧,21,
碩,21,
蓑,21,
蟻,21,
迄,21,
♡,21,
禿,21,
袈,21,
來,21,
恰,21,
Ü,21,
韃,21,
舐,21,
沫,21,
篩,21,
總,21,
砧,21,
蝉,21,
莉,21,
譬,21,
讖,21,
 ,21,
獨,21,
硯,21,
閭,21,
黍,21,
⊂,21,
沐,21,
掬,21,
ß,21,
棠,21,
ि,21,
خ,21,
蕭,21,
ô,20,
υ,20,
褶,20,
幟,20,
羨,20,
芙,20,
漿,20,
裴,20,
址,20,
丕,20,
紂,20,
Ｔ,20,
Π,20,
笙,20,
絲,20,
宸,20,
稷,20,
瘤,20,
渫,20,
雹,20,
闢,20,
畢,20,
髑,20,
髏,20,
स,20,
騫,20,
號,20,
嘴,20,
｝,20,
臂,20,
艤,20,
銛,20,
酩,20,
蕊,20,
醪,20,
霆,20,
་,20,
о,19,
絢,19,
仄,19,
癇,19,
癪,19,
†,19,
咋,19,
雙,19,
旁,19,
豹,19,
證,19,
蟲,19,
凉,19,
‥,19,
虻,19,
當,19,
錨,19,
穆,19,
耀,19,
竟,19,
Ｏ,19,
窩,19,
｛,19,
髻,19,
孜,19,
繞,19,
ו,19,
≫,19,
龐,19,
İ,19,
゛,18,
憚,18,
ί,18,
ی,18,
俄,18,
Ⓐ,18,
蠣,18,
猷,18,
笏,18,
昊,18,
樂,18,
徘,18,
徊,18,
薮,18,
④,18,
◯,18,
愈,18,
詁,18,
亦,18,
贔,18,
屓,18,
詛,18,
Β,18,
閻,18,
Ⅲ,18,
礬,18,
檻,18,
粳,18,
糯,18,
羈,18,
簗,18,
∨,18,
燗,18,
鯀,18,
塙,17,
撚,17,
卉,17,
Χ,17,
豫,17,
鎚,17,
榮,17,
嬌,17,
獏,17,
呟,17,
猾,17,
髷,17,
哥,17,
傅,17,
鬚,17,
​,17,
鋤,17,
壹,17,
羞,17,
羯,17,
⊆,17,
咬,17,
″,17,
闔,17,
炙,17,
焙,17,
闍,17,
渣,17,
Ａ,17,
岱,17,
茫,17,
蔚,17,
®,17,
糎,17,
瑪,17,
櫂,17,
撓,17,
鄯,17,
葱,16,
î,16,
е,16,
烹,16,
咤,16,
笥,16,
狡,16,
蔬,16,
檬,16,
范,16,
黛,16,
茗,16,
岑,16,
∠,16,
煬,16,
吃,16,
臺,16,
攬,16,
禊,16,
廓,16,
戍,16,
弗,16,
鬆,16,
㎞,16,
氐,16,
歎,16,
♯,16,
Υ,16,
«,15,
©,15,
茉,15,
鍬,15,
聲,15,
餃,15,
琳,15,
皺,15,
蘊,15,
嗚,15,
檸,15,
啄,15,
欅,15,
噪,15,
闊,15,
帛,15,
蹈,15,
拵,15,
醉,15,
禾,15,
詢,15,
奠,15,
鏑,15,
姚,15,
藉,15,
氣,15,
ग,15,
薛,15,
Ｊ,15,
Č,15,
佃,15,
礙,15,
掾,15,
咥,15,
凧,15,
咀,15,
匙,15,
眷,15,
頽,15,
濘,15,
槐,15,
ब,15,
व,15,
◆,15,
縻,15,
疋,15,
缺,15,
ר,15,
尸,15,
∩,15,
￢,15,
恪,15,
ｉ,15,
＼,14,
娑,14,
諷,14,
厖,14,
蘚,14,
籃,14,
冀,14,
疱,14,
魎,14,
釋,14,
涛,14,
ḥ,14,
澁,14,
惇,14,
褹,14,
泻,14,
躅,14,
邵,14,
姐,14,
諍,14,
彭,14,
柩,14,
梧,14,
靼,14,
將,14,
軾,14,
颪,14,
亞,14,
Ｘ,14,
歆,14,
क,14,
迪,14,
漣,14,
恫,14,
焔,14,
醗,14,
搗,14,
嚼,14,
薯,14,
筵,14,
鞨,14,
苅,14,
瑩,14,
冲,14,
â,14,
曺,14,
勁,14,
獺,14,
猴,14,
ב,14,
滬,14,
佩,14,
ش,14,
兗,14,
鄙,13,
Ö,13,
倚,13,
ı,13,
л,13,
с,13,
т,13,
〆,13,
蓉,13,
顰,13,
蹙,13,
烙,13,
♂,13,
剋,13,
掖,13,
聳,13,
鐸,13,
躑,13,
徨,13,
繪,13,
鋪,13,
茜,13,
筏,13,
Τ,13,
楓,13,
Ｒ,13,
≦,13,
汀,13,
褻,13,
偕,13,
擅,13,
蕪,13,
捩,13,
剽,13,
嗟,13,
馮,13,
扈,13,
踵,13,
暈,13,
卷,13,
籤,13,
坎,13,
鵞,13,
桔,13,
游,13,
ण,13,
砒,13,
ħ,13,
鎬,13,
齎,13,
陋,13,
ζ,13,
㎏,13,
鞆,13,
▼,13,
珎,13,
舅,13,
鐙,13,
鞴,13,
∪,13,
侈,13,
纒,13,
坡,13,
ء,13,
戔,13,
∅,13,
鈞,13,
驍,13,
涓,13,
杁,12,
攫,12,
戈,12,
ό,12,
齊,12,
р,12,
鱈,12,
鋲,12,
柾,12,
瀉,12,
憺,12,
礪,12,
俎,12,
菴,12,
飫,12,
栞,12,
縊,12,
麩,12,
瘡,12,
鳶,12,
鍍,12,
瀾,12,
Ｓ,12,
枷,12,
夥,12,
翳,12,
假,12,
洙,12,
辨,12,
呵,12,
廈,12,
歿,12,
謨,12,
處,12,
♠,12,
戀,12,
聰,12,
य,12,
彝,12,
撼,12,
√,12,
े,12,
靺,12,
蜃,12,
埵,12,
悸,12,
邱,12,
Ｐ,12,
抉,12,
闕,12,
櫨,12,
狽,12,
跪,12,
杓,12,
埜,12,
炮,12,
睿,12,
ש,12,
陞,12,
廼,12,
Ｃ,12,
ל,12,
ल,12,
溪,12,
簀,12,
㎡,12,
窄,12,
∂,12,
卍,12,
ى,12,
邈,12,
脹,11,中学校
゜,11,
詭,11,
痍,11,
魍,11,
凪,11,
姶,11,
匝,11,
几,11,
斃,11,
燼,11,
崙,11,
截,11,
邂,11,
逅,11,
畫,11,
發,11,
苺,11,
頚,11,
哭,11,
瑣,11,
恆,11,
舛,11,
㎝,11,
箒,11,
癩,11,
關,11,
桀,11,
猜,11,
膺,11,
鞜,11,
臘,11,
靄,11,
笈,11,
鄒,11,
悌,11,
恕,11,
誡,11,
哩,11,
蔦,11,
袍,11,
琦,11,
滔,11,
鬘,11,
蝿,11,
朧,11,
駙,11,
燦,11,
逡,11,
秉,11,
膾,11,
柊,11,
楪,11,
澎,11,
罐,11,
ّ,11,
∘,11,
縷,11,
覊,11,
裒,11,
渺,11,
酘,11,
繭,10,中学校
髣,10,
髴,10,
к,10,
潘,10,
躬,10,
秣,10,
媧,10,
魄,10,
皓,10,
慄,10,
憫,10,
Ｉ,10,
ʿ,10,
筌,10,
尭,10,
ð,10,
瑛,10,
潭,10,
驕,10,
囮,10,
玻,10,
糀,10,
蜻,10,
蛉,10,
謐,10,
霙,10,
禧,10,
ｔ,10,
鎔,10,
篁,10,
ं,10,
अ,10,
渭,10,
煥,10,
餘,10,
碾,10,
Ⅳ,10,
प,10,
銕,10,
腑,10,
蠅,10,
橄,10,
欖,10,
Ｂ,10,
堝,10,
č,10,
조,10,
姨,10,
襦,10,
弉,10,
頊,10,
臙,10,
黌,10,
ע,10,
ס,10,
蘂,10,
鰯,10,
ן,10,
疼,10,
ʧ,10,
چ,10,
獠,10,
勗,10,
勺,9,中学校
ã,9,
瑤,9,
в,9,
恍,9,
褄,9,
吼,9,
賣,9,
ì,9,
菟,9,
鍔,9,
鰍,9,
區,9,
粲,9,
憔,9,
悴,9,
瞼,9,
屁,9,
兒,9,
辯,9,
梃,9,
蟠,9,
昴,9,
洸,9,
Ｆ,9,
Ε,9,
↑,9,
蜷,9,
碕,9,
冕,9,
泗,9,
劈,9,
樊,9,
唸,9,
ł,9,
涸,9,
塘,9,
沽,9,
彖,9,
鑿,9,
繇,9,
壟,9,
孩,9,
粤,9,
颯,9,
亙,9,
ध,9,
嘯,9,
아,9,
嬬,9,
辭,9,
椏,9,
鈿,9,
恤,9,
雕,9,
↓,9,
ु,9,
甑,9,
筰,9,
Ｋ,9,
棗,9,
Κ,9,
鑁,9,
矧,9,
箴,9,
攀,9,
暉,9,
媽,9,
滿,9,
跏,9,
闐,9,
ص,9,
彧,9,
ṣ,9,
馭,9,
أ,9,
鴫,9,
痒,9,
ד,9,
柚,9,
ě,9,
ṃ,9,
刎,9,
鉦,9,
ئ,9,
ف,9,
顓,9,
潴,9,
И,9,
并,9,
נ,9,
碇,9,
錢,9,
蛹,9,
釐,9,
Θ,9,
誨,9,
آ,9,
ק,9,
蠱,9,
愍,9,
瀟,9,
彊,9,
汾,9,
ㅇ,9,
羌,9,
霽,9,
淤,8,
§,8,
溯,8,
г,8,
я,8,
驃,8,
烽,8,
訌,8,
舫,8,
圖,8,
飄,8,
箭,8,
埒,8,
ά,8,
晟,8,
兇,8,
鑼,8,
⑤,8,
榕,8,
Ｎ,8,
夾,8,
戰,8,
葯,8,
嶌,8,
鞦,8,
聃,8,
厲,8,
熔,8,
渙,8,
褌,8,
ṭ,8,
彅,8,
鴛,8,
祺,8,
蜥,8,
蜴,8,
箚,8,
佚,8,
肆,8,
蛾,8,
續,8,
∇,8,
भ,8,
द,8,
冉,8,
聶,8,
樵,8,
이,8,
㎜,8,
鴈,8,
愴,8,
楡,8,
掣,8,
對,8,
鉉,8,
炯,8,
ह,8,
錚,8,
牘,8,
醇,8,
蕾,8,
耿,8,
ʻ,8,
祆,8,
邀,8,
碼,8,
无,8,
匣,8,
价,8,
瑾,8,
胝,8,
澪,8,
桝,8,
ח,8,
佇,8,
扼,8,
怜,8,
盈,8,
坩,8,
貊,8,
儚,8,
劔,8,
叟,8,
إ,8,
騸,8,
瑙,8,
澶,8,
籌,8,
緬,8,
艾,8,
卅,8,
摸,8,
㏄,8,
ŋ,8,
陌,8,
鐚,8,
烟,8,
〃,8,
隴,8,
氈,8,
俥,8,
邯,8,
瘻,8,
鞅,8,
栴,8,
ｅ,8,
窴,8,
唹,8,
籀,8,
甄,8,
楫,7,
擡,7,
恢,7,
駝,7,
й,7,
м,7,
弖,7,
舳,7,
蛎,7,
凛,7,
聊,7,
♀,7,
³,7,
疸,7,
劃,7,
邃,7,
你,7,
凜,7,
椰,7,
⑥,7,
鯰,7,
Š,7,
儺,7,
斛,7,
菫,7,
衒,7,
韆,7,
咆,7,
頡,7,
沮,7,
柯,7,
鵲,7,
Г,7,
晁,7,
蹠,7,
變,7,
觀,7,
晏,7,
誥,7,
蝙,7,
蝠,7,
閨,7,
¥,7,
侂,7,
ｎ,7,
ℓ,7,
杮,7,
瑳,7,
腋,7,
厦,7,
洵,7,
懣,7,
В,7,
А,7,
廂,7,
篝,7,
訥,7,
ń,7,
鬨,7,
昉,7,
Ο,7,
剱,7,
ʃ,7,
娩,7,
舩,7,
侑,7,
Ｈ,7,
辷,7,
歇,7,
嚥,7,
ḍ,7,
稈,7,
豐,7,
〉,7,
Ś,7,
蓼,7,
غ,7,
畸,7,
權,7,
珥,7,
紊,7,
⊿,7,
鄰,7,
鞏,7,
捄,7,
驢,7,
伶,7,
ض,7,
ַ,7,
َ,7,
蔀,7,
燁,7,
礦,7,
ｘ,7,
粍,7,
Μ,7,
垓,7,
ő,7,
瓚,7,
祁,7,
ט,7,
輜,7,
ò,7,
ṅ,7,
駈,7,
ａ,7,
赫,7,
ㅂ,7,
ㄱ,7,
濊,7,
鹽,7,
瑭,7,
Η,7,
郅,7,
磚,7,
ゕ,7,
峅,7,
囎,7,
鄴,7,
謄,6,中学校
尓,6,
匐,6,
Ñ,6,
駱,6,
ｋ,6,
б,6,
д,6,
魑,6,
闖,6,
痣,6,
咩,6,
雖,6,
鮒,6,
栂,6,
喇,6,
籐,6,
倖,6,
礒,6,
筍,6,
痔,6,
杞,6,
瞥,6,
漲,6,
瑯,6,
雜,6,
韜,6,
С,6,
樗,6,
禦,6,
桧,6,
瞿,6,
鼂,6,
佗,6,
暹,6,
च,6,
孺,6,
鋺,6,
睾,6,
哮,6,
溌,6,
諚,6,
槿,6,
瀝,6,
廖,6,
愷,6,
躰,6,
Т,6,
螂,6,
Ι,6,
Ｅ,6,
潅,6,
畦,6,
鈷,6,
磊,6,
ğ,6,
銓,6,
芬,6,
葭,6,
猊,6,
孚,6,
謔,6,
〈,6,
醬,6,
岷,6,
゚,6,
ث,6,
ා,6,
º,6,
躓,6,
譴,6,
喙,6,
絣,6,
份,6,
þ,6,
衞,6,
ë,6,
馗,6,
醂,6,
胖,6,
悍,6,
蕋,6,
謚,6,
瀚,6,
ם,6,
ך,6,
Ｄ,6,
獪,6,
匪,6,
া,6,
奚,6,
剌,6,
歸,6,
­,6,
硼,6,
攸,6,
茱,6,
萸,6,
ɪ,6,
楞,6,
耨,6,
구,6,
檮,6,
慟,6,
گ,6,
鵄,6,
刳,6,
∫,6,
紮,6,
兩,6,
瞋,6,
裙,6,
ལ,6,
ㄹ,6,
ㅎ,6,
舉,6,
ġ,6,
竇,6,
腟,6,
匱,6,
ｌ,6,
ｒ,6,
妍,6,
娍,6,
匍,5,
涎,5,
ή,5,
ь,5,
у,5,
醫,5,
袱,5,
繚,5,
櫟,5,
橡,5,
捐,5,
鵡,5,
闡,5,
籟,5,
冰,5,
萢,5,
舍,5,
喃,5,
邏,5,
簫,5,
♢,5,
奕,5,
侘,5,
頷,5,
齣,5,
矜,5,
ύ,5,
鮑,5,
襞,5,
າ,5,
ະ,5,
翹,5,
琺,5,
憊,5,
蹲,5,
鶉,5,
侃,5,
冏,5,
濬,5,
閦,5,
娥,5,
圳,5,
昶,5,
菰,5,
珈,5,
थ,5,
奭,5,
皖,5,
蝮,5,
鉋,5,
躾,5,
烝,5,
橈,5,
幢,5,
徑,5,
孁,5,
擂,5,
黴,5,
楮,5,
殯,5,
偃,5,
,5,
譙,5,
俑,5,
龜,5,
辮,5,
К,5,
У,5,
Ｕ,5,
鞋,5,
誂,5,
ˌ,5,
滄,5,
糟,5,
拯,5,
銹,5,
駢,5,
佼,5,
愾,5,
拇,5,
श,5,
繼,5,
්,5,
ර,5,
ி,5,
滉,5,
ǎ,5,
昱,5,
씨,5,
箍,5,
姆,5,
鉈,5,
萊,5,
ｰ,5,
ş,5,
ת,5,
炳,5,
瑀,5,
媞,5,
з,5,
棣,5,
ِ,5,
棕,5,
盪,5,
徭,5,
ý,5,
洿,5,
동,5,
해,5,
Ρ,5,
冦,5,
硅,5,
翊,5,
鞮,5,
מ,5,
覲,5,
∃,5,
踞,5,
倪,5,
苞,5,
Е,5,
Р,5,
棉,5,
粮,5,
奐,5,
蝗,5,
蛆,5,
裃,5,
挹,5,
垝,5,
歲,5,
蹻,5,
朮,5,
鼈,5,
έ,5,
ǰ,5,
Ū,5,
緡,5,
貮,5,
憍,5,
嬴,5,
德,5,
勛,5,
만,5,
굴,5,
奝,5,
瓮,5,
漪,5,
淞,5,
抛,5,
昕,5,
頫,5,
堊,5,
懶,5,
咱,5,
濮,5,
蘐,5,
Ξ,5,
俩,5,
亶,5,
糝,5,
ʕ,5,
冽,4,
槎,4,
ы,4,
呰,4,
紬,4,
仍,4,
祿,4,
瀑,4,
椹,4,
褚,4,
暎,4,
悛,4,
挌,4,
蹊,4,
欒,4,
樓,4,
絓,4,
愼,4,
㠀,4,
觝,4,
颱,4,
雞,4,
賁,4,
稻,4,
瞽,4,
藺,4,
์,4,
蓍,4,
庖,4,
僖,4,
軻,4,
盡,4,
爭,4,
賾,4,
焯,4,
炫,4,
璩,4,
琲,4,
ज,4,
僊,4,
ष,4,
劭,4,
栻,4,
濂,4,
다,4,
收,4,
莚,4,
斟,4,
幄,4,
拜,4,
衾,4,
车,4,
靳,4,
龕,4,
х,4,
Н,4,
莓,4,
洟,4,
曚,4,
Æ,4,
杲,4,
ɑ,4,
磧,4,
羂,4,
趺,4,
आ,4,
ㇷ,4,
塚,4,
‍,4,
ජ,4,
க,4,
ச,4,
尞,4,
å,4,
ط,4,
薊,4,
筧,4,
儘,4,
弴,4,
萃,4,
瀲,4,
輟,4,
踰,4,
敖,4,
鹹,4,
搏,4,
牆,4,
™,4,
橇,4,
袢,4,
譽,4,
鏤,4,
櫚,4,
浬,4,
乍,4,
Ş,4,
沂,4,
閼,4,
簧,4,
忉,4,
М,4,
笄,4,
靠,4,
剿,4,
纈,4,
兀,4,
Ā,4,
প,4,
র,4,
酥,4,
♣,4,
ז,4,
פ,4,
詈,4,
ù,4,
噶,4,
ִ,4,
õ,4,
黑,4,
麴,4,
汞,4,
傕,4,
隸,4,
髦,4,
祗,4,
旌,4,
ɛ,4,
琅,4,
隨,4,
瘠,4,
⌒,4,
ʊ,4,
蚩,4,
ɸ,4,
驛,4,
罕,4,
驒,4,
凖,4,
Ｑ,4,
臧,4,
奧,4,
鰈,4,
鷦,4,
鷯,4,
´,4,
Д,4,
龠,4,
髯,4,
臚,4,
轡,4,
蟋,4,
鈎,4,
骰,4,
絅,4,
Ō,4,
འ,4,
ི,4,
བ,4,
མ,4,
ས,4,
ㄴ,4,
ㄷ,4,
ㅈ,4,
ㅆ,4,
어,4,
넉,4,
갑,4,
ག,4,
秬,4,
Ｚ,4,
惡,4,
刄,4,
梔,4,
鄲,4,
慷,4,
昵,4,
ɔ,4,
贇,4,
崋,4,
馘,4,
漳,4,
翟,4,
滇,4,
驎,4,
蠹,4,
袷,4,
蕗,4,
舂,4,
丗,4,
碌,4,
盞,4,
屎,4,
鵯,4,
ｇ,4,
ｈ,4,
赧,4,
崧,4,
犁,4,
啜,4,
迴,4,
璟,4,
∝,4,
雎,4,
歐,3,
蒴,3,
Ḥ,3,
Ī,3,
拱,3,
Ç,3,
瑁,3,
п,3,
瘢,3,
葫,3,
瀰,3,
籬,3,
莇,3,
㎢,3,
簇,3,
櫔,3,
厂,3,
妲,3,
叭,3,
≈,3,
瑄,3,
磋,3,
訝,3,
鰺,3,
稍,3,
ἐ,3,
寫,3,
搦,3,
鬣,3,
隝,3,
兔,3,
袞,3,
穹,3,
侏,3,
氓,3,
廾,3,
沛,3,
儋,3,
捶,3,
籘,3,
ລ,3,
ປ,3,
ຊ,3,
圍,3,
犂,3,
嘶,3,
仝,3,
竦,3,
辜,3,
繫,3,
颶,3,
鑓,3,
ั,3,
鴦,3,
嚮,3,
繆,3,
據,3,
弑,3,
槊,3,
筺,3,
泛,3,
嫦,3,
餉,3,
亂,3,
啖,3,
邢,3,
顥,3,
〝,3,
Ｌ,3,
緘,3,
鉗,3,
曄,3,
嚴,3,
獻,3,
儁,3,
磑,3,
蝎,3,
藷,3,
바,3,
세,3,
우,3,
佞,3,
帙,3,
從,3,
裘,3,
Я,3,
ц,3,
澹,3,
지,3,
艸,3,
蟷,3,
Ú,3,
錺,3,
蠕,3,
耙,3,
麝,3,
曠,3,
澗,3,
菽,3,
壜,3,
甜,3,
頗,3,
瓤,3,
讓,3,
朶,3,
桎,3,
梏,3,
苧,3,
菁,3,
ŏ,3,
鉃,3,
覯,3,
谿,3,
潙,3,
儼,3,
儷,3,
怛,3,
誣,3,
莵,3,
卡,3,
嶮,3,
縒,3,
聟,3,
貘,3,
ै,3,
ṛ,3,
瑟,3,
ू,3,
ἀ,3,
梛,3,
ී,3,
ක,3,
்,3,
₂,3,
疽,3,
枳,3,
∴,3,
愧,3,
Ｍ,3,
ว,3,
曵,3,
勳,3,
佶,3,
醋,3,
迸,3,
鴒,3,
罌,3,
擱,3,
鸕,3,
ĭ,3,
轆,3,
轤,3,
孛,3,
선,3,
嬪,3,
薀,3,
蒡,3,
饌,3,
瘴,3,
ㇰ,3,
鮨,3,
蛤,3,
蕁,3,
懃,3,
蹇,3,
蜚,3,
疝,3,
兮,3,
竝,3,
ذ,3,
弋,3,
ž,3,
û,3,
爐,3,
燮,3,
釗,3,
桴,3,
箜,3,
篌,3,
È,3,
甸,3,
ট,3,
গ,3,
ম,3,
諳,3,
∏,3,
Ｖ,3,
ظ,3,
氧,3,
ώ,3,
羃,3,
∉,3,
כ,3,
Б,3,
郃,3,
毌,3,
彎,3,
恙,3,
ʲ,3,
ɾ,3,
紈,3,
咒,3,
乘,3,
框,3,
芍,3,
疳,3,
瘀,3,
Ｇ,3,
羿,3,
ˋ,3,
Ч,3,
悧,3,
懍,3,
專,3,
Á,3,
忿,3,
粁,3,
্,3,
諄,3,
謾,3,
筠,3,
驟,3,
槨,3,
蛞,3,
Л,3,
鏨,3,
匕,3,
樅,3,
迢,3,
淄,3,
瓔,3,
ཏ,3,
ཱ,3,
ླ,3,
Đ,3,
ㅅ,3,
ㄳ,3,
ㅄ,3,
코,3,
마,3,
나,3,
러,3,
고,3,
좋,3,
많,3,
굻,3,
⁄,3,
ǔ,3,
洹,3,
殳,3,
佟,3,
洽,3,
夔,3,
涇,3,
£,3,
⏨,3,
筥,3,
︎,3,
兢,3,
畤,3,
婺,3,
珙,3,
榷,3,
枋,3,
撻,3,
ċ,3,
啼,3,
駑,3,
鉞,3,
ǐ,3,
ܐ,3,
ｚ,3,
迩,3,
謌,3,
錻,3,
鱟,3,
悳,3,
旻,3,
Ｙ,3,
懼,3,
艀,3,
禪,3,
耄,3,
苻,3,
热,3,
尔,3,
姒,3,
忻,3,
〠,3,
慫,3,
慂,3,
藹,3,
喁,3,
腓,3,
很,3,
攝,3,
涮,3,
✈,3,
ố,3,
泯,3,
葳,3,
沆,3,
灞,3,
ۇ,3,
稱,3,
冄,3,
̈,2,
歟,2,
朖,2,
衢,2,
œ,2,
緞,2,
ⵜ,2,
ⴰ,2,
ⴷ,2,
ⵓ,2,
ⵏ,2,
ẓ,2,
灤,2,
嗽,2,
‹,2,
›,2,
齶,2,
鰤,2,
栢,2,
錄,2,
岫,2,
肄,2,
幺,2,
袤,2,
熈,2,
戩,2,
焜,2,
睫,2,
穐,2,
諤,2,
ῥ,2,
侭,2,
พ,2,
ก,2,
覽,2,
襴,2,
龙,2,
篷,2,
軫,2,
椛,2,
⏎,2,
鼬,2,
癲,2,
斈,2,
痂,2,
蘿,2,
汕,2,
淨,2,
Ⓕ,2,
嶹,2,
睺,2,
蟾,2,
蜍,2,
窿,2,
그,2,
네,2,
기,2,
卬,2,
濞,2,
詹,2,
ທ,2,
ນ,2,
邛,2,
刪,2,
鷗,2,
蜆,2,
捔,2,
摑,2,
个,2,
鴟,2,
豁,2,
臈,2,
轉,2,
樞,2,
문,2,
粵,2,
ม,2,
โ,2,
ด,2,
น,2,
ล,2,
犧,2,
獸,2,
惻,2,
滕,2,
鷟,2,
縢,2,
汨,2,
皋,2,
簺,2,
舊,2,
从,2,
葎,2,
貳,2,
吋,2,
ो,2,
輅,2,
黻,2,
逵,2,
甝,2,
翺,2,
侗,2,
鵝,2,
麵,2,
무,2,
화,2,
綠,2,
〟,2,
穰,2,
褞,2,
眄,2,
褥,2,
㈱,2,
의,2,
삼,2,
电,2,
衿,2,
‪,2,
‬,2,
黃,2,
冢,2,
俾,2,
靈,2,
笵,2,
哄,2,
惲,2,
嬲,2,
駰,2,
彘,2,
侖,2,
觴,2,
ш,2,
서,2,
방,2,
劒,2,
劍,2,
鐡,2,
ῷ,2,
鑢,2,
Ł,2,
菠,2,
薐,2,
餞,2,
壙,2,
覓,2,
哇,2,
鑰,2,
寢,2,
ɒ,2,
灣,2,
ἔ,2,
朦,2,
㊙,2,
ਨ,2,
翫,2,
Ä,2,
ὶ,2,
ῆ,2,
敎,2,
ः,2,
擘,2,
裨,2,
濛,2,
犢,2,
懊,2,
狹,2,
鉚,2,
ශ,2,
ල,2,
ං,2,
ත,2,
න,2,
ல,2,
ா,2,
ய,2,
ு,2,
ட,2,
ர,2,
嗾,2,
薑,2,
亚,2,
剝,2,
ท,2,
ิ,2,
ย,2,
ส,2,
梠,2,
肱,2,
嵜,2,
醴,2,
゠,2,
蹉,2,
跌,2,
鶺,2,
≲,2,
晨,2,
穗,2,
鶿,2,
ỹ,2,
隲,2,
醢,2,
貂,2,
鵰,2,
撕,2,
峴,2,
饂,2,
飩,2,
膽,2,
霹,2,
靂,2,
廳,2,
粱,2,
☞,2,
夛,2,
ư,2,
鮓,2,
覺,2,
ʾ,2,
豈,2,
縟,2,
琫,2,
罘,2,
楨,2,
ḵ,2,
弌,2,
歬,2,
俚,2,
誑,2,
璐,2,
ְ,2,
ָ,2,
ø,2,
旃,2,
鑈,2,
擎,2,
襠,2,
竽,2,
đ,2,
纐,2,
霄,2,
鯵,2,
ং,2,
ো,2,
ɣ,2,
⊗,2,
杰,2,
躱,2,
萼,2,
葷,2,
ी,2,
粂,2,
∑,2,
糒,2,
鑚,2,
ｐ,2,
寨,2,
礽,2,
鱸,2,
蘖,2,
頴,2,
Ц,2,
À,2,
鈹,2,
鰮,2,
潼,2,
勱,2,
詡,2,
ă,2,
⊊,2,
鬩,2,
杼,2,
穌,2,
پ,2,
ʌ,2,
ˠ,2,
煦,2,
鏐,2,
犍,2,
癘,2,
⋅,2,
藐,2,
屹,2,
閂,2,
俱,2,
瓲,2,
噸,2,
鳰,2,
ť,2,
ř,2,
菲,2,
廰,2,
苓,2,
燔,2,
愿,2,
斷,2,
輦,2,
ḙ,2,
ˆ,2,
槁,2,
த,2,
ड,2,
ृ,2,
鰌,2,
돈,2,
倅,2,
ধ,2,
য,2,
ţ,2,
ｄ,2,
ｙ,2,
ｓ,2,
鵺,2,
亰,2,
曷,2,
脯,2,
坏,2,
繧,2,
繝,2,
蝓,2,
呷,2,
悄,2,
譯,2,
歡,2,
恚,2,
裹,2,
沁,2,
埓,2,
慙,2,
汶,2,
忖,2,
珞,2,
滌,2,
蓚,2,
포,2,
畯,2,
莒,2,
牀,2,
霓,2,
衫,2,
簪,2,
郞,2,
嘛,2,
ང,2,
ར,2,
琰,2,
兪,2,
ㄺ,2,
ㄻ,2,
ㄿ,2,
ㄼ,2,
ㅁ,2,
옷,2,
오,2,
밭,2,
에,2,
밖,2,
넓,2,
널,2,
삶,2,
미,2,
넋,2,
값,2,
ㄶ,2,
ㅀ,2,
치,2,
타,2,
하,2,
鞬,2,
誄,2,
璞,2,
鱧,2,
滯,2,
鏝,2,
慇,2,
梳,2,
沒,2,
釵,2,
僔,2,
籙,2,
灃,2,
ک,2,
ྷ,2,
靉,2,
邨,2,
癡,2,
穽,2,
汴,2,
郢,2,
Ƿ,2,
溏,2,
蜑,2,
滾,2,
堉,2,
陬,2,
̯,2,
鷄,2,
佬,2,
ⁿ,2,
啉,2,
磾,2,
驁,2,
褲,2,
舃,2,
屨,2,
屐,2,
瓌,2,
鞫,2,
琮,2,
贛,2,
Ē,2,
茣,2,
蓙,2,
齡,2,
枸,2,
炬,2,
燵,2,
忩,2,
桄,2,
榔,2,
魹,2,
„,2,
鱚,2,
➝,2,
ג,2,
昤,2,
囊,2,
龝,2,
煢,2,
慊,2,
悖,2,
恃,2,
恬,2,
侔,2,
默,2,
愆,2,
閹,2,
瑶,2,
阯,2,
樴,2,
姬,2,
矣,2,
仡,2,
ｊ,2,
호,2,
鄄,2,
菏,2,
豎,2,
ｕ,2,
ｑ,2,
ｆ,2,
貽,2,
馥,2,
皷,2,
耜,2,
蹋,2,
浣,2,
丫,2,
З,2,
柝,2,
鬢,2,
痲,2,
姝,2,
麼,2,
鐶,2,
綢,2,
毋,2,
橐,2,
碎,2,
銜,2,
隍,2,
瓉,2,
灑,2,
晧,2,
糜,2,
娚,2,
𥝱,2,
ἕ,2,
潁,2,
醞,2,
弍,2,
ף,2,
ץ,2,
杠,2,
│,2,
陜,2,
凞,2,
鉏,2,
膊,2,
ự,2,
ộ,2,
屬,2,
鵙,2,
鐔,2,
鯤,2,
주,2,
전,2,
袰,2,
ە,2,
纆,2,
Ï,2,
Э,2,
曆,2,
玕,2,
齕,2,
̠,1,
̜,1,
̹,1,
˕,1,
˔,1,
ɯ,1,
ᵝ,1,
饑,1,
顚,1,
垰,1,
∋,1,
ṓ,1,
ⴳ,1,
ⴻ,1,
ⵙ,1,
珸,1,
⅓,1,
泪,1,
蛦,1,
濔,1,
遑,1,
麁,1,
嗄,1,
蚶,1,
菇,1,
杤,1,
丂,1,
櫪,1,
枥,1,
愰,1,
ḗ,1,
佻,1,
ῖ,1,
骼,1,
ไ,1,
่,1,
ป,1,
๊,1,
อ,1,
♤,1,
♧,1,
餠,1,
贊,1,
箆,1,
恶,1,
ˤ,1,
數,1,
说,1,
榀,1,
絋,1,
跫,1,
毟,1,
帚,1,
뛰,1,
詘,1,
糢,1,
ສ,1,
ັ,1,
ດ,1,
ິ,1,
ໄ,1,
ຕ,1,
ົ,1,
ວ,1,
撾,1,
棊,1,
围,1,
乭,1,
擧,1,
傴,1,
僂,1,
冩,1,
鸱,1,
豌,1,
遲,1,
麈,1,
신,1,
☎,1,
☏,1,
✆,1,
℡,1,
섬,1,
แ,1,
ค,1,
勰,1,
僥,1,
嚶,1,
澔,1,
淛,1,
攜,1,
輒,1,
棫,1,
窹,1,
獒,1,
笞,1,
鎭,1,
栅,1,
晝,1,
羇,1,
鴬,1,
撿,1,
嶝,1,
⊇,1,
𐐷,1,
1,1,
禱,1,
黼,1,
肓,1,
昺,1,
瑗,1,
榦,1,
塨,1,
詒,1,
宓,1,
驌,1,
𣂑,1,
궁,1,
꽃,1,
피,1,
었,1,
습,1,
니,1,
戶,1,
步,1,
朞,1,
噫,1,
奬,1,
장,1,
군,1,
들,1,
성,1,
겜,1,
보,1,
鼾,1,
국,1,
제,1,
연,1,
합,1,
衲,1,
壻,1,
喻,1,
俀,1,
徇,1,
僣,1,
̟,1,
呻,1,
ė,1,
ἄ,1,
繡,1,
辵,1,
斿,1,
역,1,
사,1,
로,1,
蒯,1,
矦,1,
胛,1,
飞,1,
軆,1,
울,1,
중,1,
앙,1,
법,1,
원,1,
ट,1,
捥,1,
礻,1,
飠,1,
ę,1,
ż,1,
鸚,1,
逹,1,
耋,1,
寐,1,
虆,1,
矞,1,
璿,1,
點,1,
欹,1,
葆,1,
€,1,
¢,1,
Œ,1,
晤,1,
ਸ,1,
ਿ,1,
ੱ,1,
ਖ,1,
ੀ,1,
跑,1,
墲,1,
ﾈ,1,
謫,1,
巒,1,
ヾ,1,
璵,1,
圜,1,
芿,1,
ਗ,1,
ੁ,1,
ਰ,1,
ੂ,1,
ਾ,1,
ਕ,1,
ẞ,1,
拔,1,
黠,1,
戛,1,
滙,1,
،,1,
辶,1,
½,1,
¼,1,
ौ,1,
瓫,1,
ṁ,1,
㏍,1,
ප,1,
ි,1,
ස,1,
ම,1,
ව,1,
ද,1,
ය,1,
இ,1,
ங,1,
ை,1,
ன,1,
ந,1,
ோ,1,
ஷ,1,
懌,1,
蘘,1,
慚,1,
ฒ,1,
ภ,1,
ร,1,
ุ,1,
ณ,1,
ช,1,
า,1,
ต,1,
縺,1,
簔,1,
└,1,
┘,1,
橪,1,
增,1,
矍,1,
鑠,1,
鞣,1,
塰,1,
ῶ,1,
漓,1,
凭,1,
瓏,1,
ẽ,1,
ĩ,1,
蔣,1,
剐,1,
艱,1,
儿,1,
Ṣ,1,
禺,1,
适,1,
昰,1,
懈,1,
軀,1,
睛,1,
兕,1,
闌,1,
漾,1,
乕,1,
瘦,1,
𦻙,1,
脉,1,
堞,1,
滷,1,
ㇽ,1,
➧,1,
ủ,1,
ớ,1,
수,1,
상,1,
总,1,
㉿,1,
抬,1,
窼,1,
艟,1,
葩,1,
淪,1,
姈,1,
珣,1,
涿,1,
衚,1,
衕,1,
愬,1,
瞎,1,
怙,1,
战,1,
伙,1,
关,1,
‌,1,
ﺣ,1,
ﻘ,1,
ﻮ,1,
ﻕ,1,
ﺍ,1,
ﻟ,1,
ﻠ,1,
ﻪ,1,
ﻻ,1,
鈑,1,
榧,1,
嫩,1,
ْ,1,
ञ,1,
ň,1,
扎,1,
Ľ,1,
Í,1,
栩,1,
煜,1,
枓,1,
喆,1,
蕙,1,
ạ,1,
裲,1,
贍,1,
釤,1,
帶,1,
苹,1,
彥,1,
顏,1,
ℎ,1,
ℏ,1,
髀,1,
ɖ,1,
笊,1,
帑,1,
琿,1,
鑛,1,
♨,1,
ǒ,1,
ি,1,
ন,1,
嬋,1,
娟,1,
畚,1,
鑪,1,
鈩,1,
曁,1,
樒,1,
殱,1,
छ,1,
噬,1,
嗑,1,
檨,1,
篦,1,
ｖ,1,
♦,1,
ą,1,
髞,1,
爨,1,
ὐ,1,
絽,1,
濶,1,
珅,1,
檔,1,
ֵ,1,
ֱ,1,
ֹ,1,
郛,1,
秊,1,
籼,1,
Ċ,1,
蠔,1,
↠,1,
Å,1,
ů,1,
⟨,1,
⟩,1,
楣,1,
㍍,1,
ὀ,1,
鰷,1,
鰛,1,
𫙮,1,
擶,1,
雒,1,
羣,1,
↘,1,
抔,1,
窠,1,
磌,1,
遶,1,
ű,1,
┃,1,
桉,1,
ɦ,1,
̪,1,
潞,1,
瞻,1,
嚈,1,
噠,1,
册,1,
Ё,1,
埶,1,
丮,1,
蓺,1,
椙,1,
孀,1,
寤,1,
蔴,1,
ヷ,1,
幷,1,
迚,1,
樣,1,
麬,1,
噤,1,
渼,1,
幔,1,
堠,1,
廸,1,
ּ,1,
ֿ,1,
竅,1,
瓱,1,
兛,1,
兞,1,
箙,1,
矗,1,
狎,1,
ʒ,1,
嚳,1,
饕,1,
餮,1,
杌,1,
驩,1,
窫,1,
窳,1,
豨,1,
℥,1,
℉,1,
靜,1,
腦,1,
齲,1,
⊃,1,
￣,1,
捽,1,
嗤,1,
⊻,1,
⊕,1,
ʤ,1,
飪,1,
烤,1,
ↀ,1,
Ɔ,1,
釕,1,
Þ,1,
荅,1,
韪,1,
麥,1,
縅,1,
棭,1,
ُ,1,
Х,1,
鮪,1,
瓣,1,
吝,1,
嗇,1,
Ⅶ,1,
膩,1,
ம,1,
ழ,1,
வ,1,
醯,1,
ṝ,1,
ḷ,1,
ḹ,1,
廚,1,
圉,1,
繦,1,
관,1,
釷,1,
棧,1,
粭,1,
ক,1,
ৃ,1,
ষ,1,
ণ,1,
হ,1,
স,1,
দ,1,
চ,1,
়,1,
鮃,1,
勞,1,
廢,1,
紉,1,
戲,1,
濕,1,
桌,1,
ﾟ,1,
🍑,1,
泔,1,
厠,1,
Ю,1,
Ы,1,
晚,1,
십,1,
崛,1,
偸,1,
繩,1,
糺,1,
獘,1,
跢,1,
𡩛,1,
𫡷,1,
鑞,1,
皎,1,
椚,1,
襌,1,
璫,1,
鹼,1,
澒,1,
蔗,1,
蠟,1,
재,1,
외,1,
째,1,
塋,1,
垠,1,
瓘,1,
柬,1,
殤,1,
榻,1,
玳,1,
彍,1,
泚,1,
佺,1,
娃,1,
襆,1,
胭,1,
靨,1,
羮,1,
粽,1,
倀,1,
⌀,1,
嚩,1,
瘋,1,
囑,1,
‴,1,
ồ,1,
婪,1,
耘,1,
賴,1,
睞,1,
岔,1,
ʋ,1,
裄,1,
Ħ,1,
언,1,
ㅊ,1,
ㅋ,1,
ㅌ,1,
ㅍ,1,
ㄲ,1,
옫,1,
시,1,
받,1,
테,1,
박,1,
께,1,
ㄵ,1,
ㄽ,1,
ㄾ,1,
따,1,
버,1,
살,1,
허,1,
ꡂ,1,
ꡊ,1,
ꡙ,1,
ꡎ,1,
ꡛ,1,
ད,1,
𐤀,1,
𐤏,1,
ㅸ,1,
ㆄ,1,
ㅹ,1,
ㅱ,1,
攵,1,
顯,1,
緝,1,
鋩,1,
杳,1,
秕,1,
⑳,1,
嗢,1,
拕,1,
佯,1,
फ,1,
柒,1,
穉,1,
燿,1,
满,1,
鈕,1,
祜,1,
黨,1,
鍱,1,
佈,1,
鑲,1,
翎,1,
№,1,
洌,1,
芮,1,
醵,1,
˝,1,
瀘,1,
恠,1,
說,1,
Ș,1,
犴,1,
उ,1,
拏,1,
✡,1,
嗔,1,
鯢,1,
傌,1,
ढ,1,
譞,1,
鸝,1,
畺,1,
琨,1,
澧,1,
璨,1,
鱪,1,
鱰,1,
粃,1,
鯕,1,
綵,1,
ྲ,1,
ོ,1,
ཁ,1,
ྱ,1,
ེ,1,
瘖,1,
眸,1,
瀆,1,
靆,1,
倆,1,
敞,1,
寞,1,
灊,1,
⌊,1,
⌈,1,
␣,1,
᛭,1,
醮,1,
晸,1,
暠,1,
ǧ,1,
蹤,1,
磴,1,
稃,1,
◻,1,
昪,1,
蜉,1,
蝣,1,
诸,1,
梈,1,
傒,1,
〓,1,
單,1,
騁,1,
癬,1,
羆,1,
泙,1,
癈,1,
ć,1,
裯,1,
幵,1,
夘,1,
⚊,1,
⚋,1,
ｫ,1,
曉,1,
燉,1,
̍,1,
̇,1,
͘,1,
盘,1,
碟,1,
撣,1,
袿,1,
遯,1,
翬,1,
芾,1,
韐,1,
ĕ,1,
飜,1,
鄂,1,
庾,1,
甪,1,
驥,1,
ℝ,1,
頵,1,
翽,1,
恖,1,
囟,1,
뱃,1,
배,1,
倩,1,
ङ,1,
蒟,1,
蒻,1,
楂,1,
榠,1,
樝,1,
榲,1,
桲,1,
楤,1,
豺,1,
穭,1,
簟,1,
惊,1,
蛰,1,
ܠ,1,
ܫ,1,
ܢ,1,
ܪ,1,
ܡ,1,
ܝ,1,
䗪,1,
柞,1,
醱,1,
豉,1,
蔕,1,
О,1,
卄,1,
寥,1,
ཡ,1,
卌,1,
焰,1,
遒,1,
黏,1,
瓩,1,
竓,1,
鱇,1,
匀,1,
閖,1,
鯏,1,
Ⅴ,1,
簠,1,
簋,1,
寬,1,
甯,1,
禔,1,
艪,1,
澈,1,
ɚ,1,
▽,1,
粹,1,
竭,1,
瀏,1,
褫,1,
膂,1,
梭,1,
塒,1,
艫,1,
檉,1,
孃,1,
즈,1,
희,1,
щ,1,
ἁ,1,
麸,1,
⬅,1,
晷,1,
鏞,1,
釦,1,
燠,1,
薈,1,
狢,1,
鄱,1,
噲,1,
崆,1,
峒,1,
緱,1,
瓠,1,
閎,1,
驤,1,
悱,1,
窘,1,
價,1,
芟,1,
虱,1,
Ð,1,
蟀,1,
蠍,1,
癰,1,
駟,1,
裊,1,
閒,1,
斌,1,
笘,1,
亅,1,
珉,1,
齒,1,
韛,1,
產,1,
ｃ,1,
徙,1,
廆,1,
皝,1,
淝,1,
萇,1,
蠻,1,
淸,1,
眈,1,
ϝ,1,
¨,1,
掏,1,
鑒,1,
壒,1,
熬,1,
鏢,1,
壍,1,
臑,1,
І,1,
挐,1,
濼,1,
篋,1,
ँ,1,
ϕ,1,
犇,1,
孙,1,
膑,1,
剕,1,
黥,1,
郯,1,
鋿,1,
蟇,1,
兰,1,
给,1,
筛,1,
团,1,
萨,1,
呃,1,
晗,1,
匯,1,
熕,1,
痾,1,
宫,1,
카,1,
疣,1,
麑,1,
繻,1,
摎,1,
鶩,1,
禳,1,
瘟,1,
鴝,1,
鵒,1,
단,1,
ŭ,1,
筱,1,
Ý,1,
諛,1,
畎,1,
扃,1,
跖,1,
閇,1,
暲,1,
伋,1,
勸,1,
丝,1,
绸,1,
僮,1,
浞,1,
翕,1,
朐,1,
剼,1,
肜,1,
呐,1,
鏺,1,
酛,1,
芎,1,
踝,1,
拈,1,
誾,1,
轅,1,
̆,1,
㋮,1,
蟯,1,
罡,1,
✩,1,
🔴,1,
糴,1,
鍇,1,
琊,1,
縋,1,
皈,1,
狷,1,
餝,1,
嶰,1,
筝,1,
萠,1,
枦,1,
邕,1,
觜,1,
虛,1,
效,1,
苴,1,
吮,1,
譫,1,
讚,1,
Ф,1,
발,1,
야,1,
畧,1,
覘,1,
竰,1,
甅,1,
騾,1,
搔,1,
鰒,1,
鲀,1,
亳,1,
卞,1,
眭,1,
昻,1,
匤,1,
鉅,1,
煨,1,
邳,1,
陂,1,
霸,1,
长,1,
詆,1,
嶸,1,
摧,1,
吳,1,
盜,1,
圄,1,
祐,1,
丨,1,
阡,1,
參,1,
鬐,1,
駮,1,
鉀,1,
¯,1,
訇,1,
榑,1,
溟,1,
杆,1,
˩,1,
˨,1,
˧,1,
˦,1,
˥,1,
昫,1,
歧,1,
嵬,1,
澍,1,
일,1,
본,1,
僦,1,
燎,1,
ơ,1,
ỉ,1,
ị,1,
璁,1,
簸,1,
鯆,1,
簎,1,
矠,1,
설,1,
욕,1,
耻,1,
舁,1,
吽,1,
嵓,1,
捫,1,
蛟,1,
驀,1,
阳,1,
动,1,
览,1,
萍,1,
椥,1,
龔,1,
鄜,1,
경,1,
비,1,
대,1,
캡,1,
틴,1,
휴,1,
쳐,1,
함,1,
메,1,
트,1,
Պ,1,
ո,1,
լ,1,
ի,1,
ս,1,
Ţ,1,
Â,1,
ʹ,1,
囓,1,
跗,1,
嚙,1,
灵,1,
梦,1,
别,1,
帕,1,
娜,1,
懷,1,
려,1,
坫,1,
竩,1,
謜,1,
鱣,1,
彈,1,
爼,1,
屡,1,
隗,1,
ǃ,1,
ǂ,1,
嵆,1,
ۈ,1,
ھ,1,
樾,1,
维,1,
轀,1,
ڭ,1,
ᾱ,1,
ф,1,
淺,1,
歷,1,
它,1,
辦,1,
雩,1,
潑,1,
薺,1,
肚,1,
筅,1,
怡,1,
籽,1,
糲,1,
稅,1,
碯,1,
东,1,
驪,1,
湣,1,
翦,1,
鰊,1,
圈,1,